Account,Type,Date From,Date To,
,Withdrawal,05/09/2020,05/13/2021,
TRANSACTION DATE,TRANSACTION TYPE,PAYMENT METHOD,TRADING ACCOUNT,AMOUNT,STATUS,
05/12/2021 12:21:03 AM,Withdrawal,,MT4 240014431,500.00,Processing,
04/06/2021 7:58:56 PM,Withdrawal,Credit Card,MT4 240014431,350.00,Completed,
03/02/2021 3:01:36 AM,Withdrawal,Credit Card,MT4 240014431,335.00,Completed,
02/24/2021 4:24:47 AM,Withdrawal,,MT4 240014431,335.00,Confirmation Expired,
12/18/2020 9:10:11 PM,Withdrawal,Bank transfer,MT4 240014431,200.00,Completed,
07/17/2020 10:40:06 PM,Withdrawal,Bank transfer,MT4 240014430,500.00,Completed,
07/01/2020 10:16:41 AM,Withdrawal,Bank transfer,MT4 1900054080,100.00,Completed,
06/30/2020 10:27:42 PM,Withdrawal,Bank transfer,MT4 1900052922,800.00,Completed,
06/30/2020 8:05:38 AM,Withdrawal,,MT4 1900052922,800.00,Declined,
