"Tag?","Address 1","Works Location","End","Site Surface Location","Works Reference","L.A.Ref"
N,"YORK WAY","In footway between bus stop and 126 York Way (Public House). Approx. 80m from Copenhagen Street.",25/04/2022,"FW","BC011-50040-P76118-EK",00280578
N,"ANSON ROAD","OUTSIDE TUFNELL MANSIONS 73 ANSON RD LONDON N7 0AT",28/04/2022,"FW","BC007-WD4MFK2R",00281336
N,"HANLEY ROAD","Outside Flat 6 Vincent Parade, Hanley Road",03/05/2022,"FW","EC400-68215878",00281537
N,"WHEWELL ROAD","9",03/05/2022,"FW","MU301-000031788419-001",00281527
N,"DOWNHAM ROAD","O/S 130A - 130B",03/05/2022,"FW","TW018-MC-04-22-214",00281516
N,"GOLDEN LANE","In FW, in front of 108-114 Golden Lane",03/05/2022,"FW","TF001-CL-DIG-OSS-F06C2-0",00280513
N,"IRONMONGER ROW","O/S 60-68 to 70-76 Ironmonger Row",03/05/2022,"FW","D3197-VORBLOCK435",00279427
N,"NOEL ROAD","O/S 42-44 Noel Road",03/05/2022,"CW","TW018-MC-04-22-198",00281513
N,"NORMAN STREET","On FW side of Ironmanger ST 1-11",03/05/2022,"FW","TF001-CL-DIGOSSF05F041-0",00279359
N,"OFFORD ROAD","outside 151",03/05/2022,"CW,FW","TW018-GN-04-22-106",00281227
N,"CARLETON ROAD","SPOIL PLACEMENT IN CARRIAGEWAY PARKING BAY OPP 35",30/04/2022,"CW","EC400-59730630",00281538
N,"LIVERPOOL ROAD","O/S 328 Liverpool Road",03/05/2022,"FW","TW018-MC-04-22-197",00281511
N,"CORNWALLIS ROAD","134 TO 128",04/05/2022,"CW,FW","TW018-THB-04-22-025",00281121
N,"HANLEY ROAD","In FW, from the junction with Hornsey Road to the side of number 470",04/05/2022,"FW","TF001-HOL-OSSDIG-F11-1-2",00281134
N,"HORNSEY ROAD","In FW, on the junction of Hornsey Road and Hanley Road",04/05/2022,"FW","TF001-HOL-OSSDIG-F11-1-1",00281132
N,"KELVIN ROAD","Outside 57-61",04/05/2022,"FW","NK103-ACC81927302",00281447
N,"SUSSEX WAY","O/S 63 TO O/S 19",04/05/2022,"CW,FW","TW018-THB-03-22-090",00280796
N,"TOLLINGTON PARK","114-120",04/05/2022,"CW,FW","MU034-TOLLINGTONPK-CC1-NL",00281189
N,"TOLLINGTON WAY","O/S 53 TO J/W BRETT ROAD",30/04/2022,"CW,FW","TW018-THB-04-22-022",00281118
N,"WINDSOR ROAD","J/W Sussex Way",04/05/2022,"CW,FW","TW018-THB-03-22-091",00280797
N,"BATH STREET","Bath Street junction with Old Street",04/05/2022,"CW,FW","FVHM-G-LIVE-00209297",00278648
N,"OLD STREET","Working on both sides of the road from outside and opposite number 140 heading towards Old Street ro",24/04/2022,"FW","L7007-BSH2-000001",00279003
N,"ROSCOE STREET","In FW and CW, at junction with Whitecross Street ( from side of 1-25 Peabody Estate, to opposite 1-2",01/05/2022,"CW,FW","TF001--CL-DIG-OSS-F06C2-1",00280791
N,"WHARTON STREET","On footway at side of No 24 Lloyd Square",04/05/2022,"FW","FV806-20932061",00281507
N,"ASHLEY ROAD","UNCHARTERED SERVICE",29/04/2022,"CW,FW","MU034-ASHLEYRD-US-NL",00281528
N,"MEDINA ROAD","In FW opposite 6 Medina Road",04/05/2022,"FW","TF001-HOL-DIGOSS-F051-0",00281503
