Transaction Date,Transaction Type,Sort Code,Account Number,Transaction Description,Debit Amount,Credit Amount,Balance
01/11/2024,FPO,'30-14-24,30891768,HIBERY CHAPLIN RES 400000001454967701 24 MORECAMBE CLOSE 405162     10 01NOV24 16:16,2000,,6076.67
01/11/2024,FPI,'30-14-24,30891768,BONJOUR RESIDENCES INV-0353 05122607233875000R 830608     10 01NOV24 12:26,,5402,8076.67
01/11/2024,FPI,'30-14-24,30891768,QUICKSEAL SOLUTION QUICKSEAL 600000001449521934 309685     10 01NOV24 10:02,,650,2674.67
01/11/2024,DD,'30-14-24,30891768,REIGATE & BANSTEAD 46529383,195,,2024.67
01/11/2024,DD,'30-14-24,30891768,AFFINITY WATER 89374249,49.95,,2219.67
01/11/2024,DD,'30-14-24,30891768,TV LICENCE QBP1 4171326634,43.62,,2269.62
01/11/2024,DD,'30-14-24,30891768,TV LICENCE MBP 4092241739,15,,2313.24
01/11/2024,BGC,'30-14-24,30891768,CITIBANK IRE FIN S AIRBNB PAYMENTS UK,,496.92,2328.24
31/10/2024,DEB,'30-14-24,30891768,WWW.BUILDERDEPOT.C CD 8039,633.48,,1831.32
31/10/2024,FPO,'30-14-24,30891768,VASFORSAS 300000001452515880 VA- MUZAMIL 042909     10 31OCT24 12:49,141.88,,2464.8
31/10/2024,FPO,'30-14-24,30891768,DTS PROPERTY MAINT 600000001448833160 133- RENO PROGRESS 207690     10 31OCT24 12:46,1000,,2606.68
31/10/2024,TFR,'30-14-24,30891768,ARETE PROPERTY SOL 309626 75218660,500,,3606.68
30/10/2024,DD,'30-14-24,30891768,PC/SIMPLY BUSINESS 04AEXZ8896/010/101,28.15,,4106.68
30/10/2024,PAY,'30-14-24,30891768,LOAN - 00125908,260.99,,4134.83
30/10/2024,SO,'30-14-24,30891768,AHVH LTD,66,,4395.82
30/10/2024,BGC,'30-14-24,30891768,CITIBANK IRE FIN S AIRBNB PAYMENTS UK,,1188.18,4461.82
29/10/2024,FPO,'30-14-24,30891768,DTS PROPERTY MAINT 500000001447843022 133- RENO PROGRESS 207690     10 29OCT24 12:20,1000,,3273.64
29/10/2024,DD,'30-14-24,30891768,NWL & ESW WATER 8530185680,35,,4273.64
28/10/2024,FPO,'30-14-24,30891768,GABRIELA PATRUNSU 300000001450788028 114 HOUSEKEEPING 040075     10 28OCT24 16:15,140,,4308.64
28/10/2024,DEB,'30-14-24,30891768,AMAZON* TQ1B07HS4 CD 8039,,20.63,4448.64
28/10/2024,FPI,'30-14-24,30891768,ADEKUNLE OLARINDE 133RENOVATIONS 00153425632HFHCXZT 090129     10 28OCT24 08:38,,6000,4428.01
28/10/2024,FPO,'30-14-24,30891768,DTS PROPERTY MAINT 100000001437798910 133- RENO PROGRESS 207690     10 28OCT24 07:16,103,,-1571.99
28/10/2024,DD,'30-14-24,30891768,ROYAL GREENWICH 83480199,107,,-1468.99
28/10/2024,DD,'30-14-24,30891768,VIRGIN MEDIA PYMTS 719767402001,38.08,,-1361.99
28/10/2024,DD,'30-14-24,30891768,OVO ENERGY NOT-USED,36,,-1323.91
28/10/2024,SO,'30-14-24,30891768,SWINTON ESTATES LI,1250,,-1287.91
28/10/2024,FPI,'30-14-24,30891768,QUICKSEAL SOLUTION QUICKSEAL 600000001445982752 309685     10 26OCT24 14:31,,500,-37.91
25/10/2024,DEB,'30-14-24,30891768,UPLISTING CD 8039,1244.16,,-537.91
25/10/2024,DEB,'30-14-24,30891768,MANOMANO CD 8039,,205.99,706.25
24/10/2024,DEB,'30-14-24,30891768,B&Q MARKETPLACE CD 8039,139.99,,500.26
24/10/2024,DEB,'30-14-24,30891768,WWW.SPAREROOM.CO.U CD 8039,,25.98,640.25
24/10/2024,FPO,'30-14-24,30891768,ESTAI ESTATES LTD 200000001440598111 114 MALMSTONE 602313     10 24OCT24 06:06,1725,,614.27
24/10/2024,SO,'30-14-24,30891768,SYLVESTRE PROPERTY,1550,,2339.27
23/10/2024,DEB,'30-14-24,30891768,B&Q MARKETPLACE CD 8039,115.99,,3889.27
23/10/2024,DEB,'30-14-24,30891768,SKY SUBSCRIPTION CD 8039,153.5,,4005.26
22/10/2024,FPO,'30-14-24,30891768,PATRICIA PURCELL 500000001444088056 SERVICE 608371     10 22OCT24 21:12,43.75,,4158.76
22/10/2024,DEB,'30-14-24,30891768,WWW.SPAREROOM.CO.U CD 8039,49,,4202.51
22/10/2024,FPO,'30-14-24,30891768,GABRIELA PATRUNSU 600000001443611331 114 HOUSEKEEPING 040075     10 22OCT24 15:40,70,,4251.51
21/10/2024,DEB,'30-14-24,30891768,L2E906000014A UKVI CD 8039,536,,4321.51
21/10/2024,DEB,'30-14-24,30891768,OPENRENT ADVERTISI CD 8039,49,,4857.51
21/10/2024,DEB,'30-14-24,30891768,WWW.SPAREROOM.CO.U CD 8039,25.98,,4906.51
21/10/2024,PAY,'30-14-24,30891768,SERVICE CHARGES REF : 437265463,8.5,,4932.49
21/10/2024,DD,'30-14-24,30891768,L B HAVERING 532394234,184,,4940.99
21/10/2024,DD,'30-14-24,30891768,GOCARDLESS PROSPERITYNE-FCNKX,75,,5124.99
21/10/2024,DD,'30-14-24,30891768,SKY BUSINESS SERV 00002694700003,35.94,,5199.99
21/10/2024,DEB,'30-14-24,30891768,APPLE.COM/BILL CD 8039    20OCT24,1.99,,5235.93
21/10/2024,DEB,'30-14-24,30891768,PRICELABSINC*DYNAP CD 8039    19OCT24,38.44,,5237.92
18/10/2024,DEB,'30-14-24,30891768,SQSP* INV154078631 CD 8039,19.87,,5276.36
18/10/2024,DEB,'30-14-24,30891768,Livecareer.co.uk CD 8039,19.85,,5296.23
18/10/2024,DEB,'30-14-24,30891768,VIRTUAL LANDLINE CD 8039,8.75,,5316.08
18/10/2024,DD,'30-14-24,30891768,THAMES WATER 900071060067,6.01,,5324.83
17/10/2024,DEB,'30-14-24,30891768,Magnet CD 8039,3932.94,,5330.84
17/10/2024,DEB,'30-14-24,30891768,THE GLASS SHOP DAG CD 8039,900,,9263.78
17/10/2024,DEB,'30-14-24,30891768,Canva* 04305-78934 CD 8039,12.99,,10163.78
17/10/2024,DD,'30-14-24,30891768,BOOKING.COM B.V. 0009121425,239.1,,10176.77
16/10/2024,DEB,'30-14-24,30891768,WIX.COM CD 8039,288,,10415.87
16/10/2024,FPO,'30-14-24,30891768,DTS PROPERTY MAINT 400000001445574536 133- RENO PROGRESS 207690     10 16OCT24 15:40,3000,,10703.87
16/10/2024,DD,'30-14-24,30891768,VIRGIN MEDIA PYMTS 807406303001,33,,13703.87
15/10/2024,DD,'30-14-24,30891768,EDF ENERGY A-777EE81A-001,121.75,,13736.87
14/10/2024,DEB,'30-14-24,30891768,UPLISTING CD 8039,19.2,,13858.62
14/10/2024,BGC,'30-14-24,30891768,BOOKING.COM BV NO.QX7MPJSHJ5LRNVX,,1447.16,13877.82
14/10/2024,BGC,'30-14-24,30891768,CITIBANK IRE FIN S AIRBNB PAYMENTS UK,,1056.16,12430.66
14/10/2024,DEB,'30-14-24,30891768,AMAZON* TQ1B07HS4 CD 8039    13OCT24,93.84,,11374.5
14/10/2024,DEB,'30-14-24,30891768,POCKETRECEPTIONIST CD 8039    13OCT24,20.57,,11468.34
14/10/2024,FPO,'30-14-24,30891768,LISCIOUS EVENTS LI 300000001442615555 ARETE 502108     10 13OCT24 18:11,500,,11488.91
14/10/2024,FPO,'30-14-24,30891768,PATRICIA PURCELL 300000001442595703 SERVICE 608371     10 13OCT24 17:28,222.5,,11988.91
14/10/2024,DEB,'30-14-24,30891768,VICTORIAN PLUMBING CD 8039    12OCT24,,31.49,12211.41
14/10/2024,FPO,'30-14-24,30891768,DTS PROPERTY MAINT 200000001434472273 133- RENO PROGRESS 207690     10 12OCT24 07:25,3000,,12179.92
11/10/2024,BGC,'30-14-24,30891768,CITIBANK IRE FIN S AIRBNB PAYMENTS UK,,527.26,15179.92
10/10/2024,FPI,'30-14-24,30891768,QUICKSEAL SOLUTION QUICKSEAL 600000001437393921 309685     10 10OCT24 18:32,,1200,14652.66
10/10/2024,DEB,'30-14-24,30891768,VICTORIAN PLUMBING CD 8039,366.75,,13452.66
10/10/2024,FPI,'30-14-24,30891768,STRIPE PAYMENTS UK STRIPE XP9917536935592936 185008     10 10OCT24 08:50,,323.15,13819.41
10/10/2024,FPO,'30-14-24,30891768,WAYNE LIONE 100000001428065962 114 MAINTENANCE 111423     10 10OCT24 06:04,30,,13496.26
09/10/2024,DEB,'30-14-24,30891768,TOOLSTATION UK CD 8039,116.93,,13526.26
08/10/2024,DEB,'30-14-24,30891768,XERO UK INV-210255 CD 8039,39.6,,13643.19
08/10/2024,DEB,'30-14-24,30891768,AMZNMktplace CD 8039,,24.43,13682.79
08/10/2024,DD,'30-14-24,30891768,OCTOPUS ENERGY A-B5A76363-001,63.89,,13658.36
07/10/2024,DD,'30-14-24,30891768,OVO ENERGY 92KFZWE,138,,13722.25
07/10/2024,DD,'30-14-24,30891768,VIRGIN MEDIA PYMTS 744186001001,39.6,,13860.25
07/10/2024,DEB,'30-14-24,30891768,INT*INTELETRAVEL.C CD 8039    05OCT24,142,,13899.85
07/10/2024,FPO,'30-14-24,30891768,DTS PROPERTY MAINT 300000001438216661 133- RENO PROGRESS 207690     10 05OCT24 09:58,3000,,14041.85
04/10/2024,FPO,'30-14-24,30891768,PATRICIA PURCELL 400000001439238173 SERVICE 608371     10 04OCT24 14:52,63.75,,17041.85
04/10/2024,FPO,'30-14-24,30891768,GABRIELA PATRUNSU 200000001430359002 114 HOUSEKEEPING 040075     10 04OCT24 14:50,70,,17105.6
04/10/2024,FPO,'30-14-24,30891768,HIBERY CHAPLIN RES 100000001425083830 24 MORECAMBE CLOSE 405162     10 04OCT24 12:10,2000,,17175.6
04/10/2024,DD,'30-14-24,30891768,GOCARDLESS VOOKEEPER-RKB2XQVC,15,,19175.6
04/10/2024,BGC,'30-14-24,30891768,CITIBANK IRE FIN S AIRBNB PAYMENTS UK,,517.42,19190.6
03/10/2024,DEB,'30-14-24,30891768,Livecareer.co.uk CD 8039,1.95,,18673.18
03/10/2024,FPI,'30-14-24,30891768,ADEKUNLE OLARINDE 133RENOVATIONS 00153425632HCVLSHH 090129     10 03OCT24 15:54,,10000,18675.13
02/10/2024,FPO,'30-14-24,30891768,GABRIELA PATRUNSU 200000001429215269 114 HOUSEKEEPING 040075     10 02OCT24 18:51,70,,8675.13
02/10/2024,DEB,'30-14-24,30891768,UPLISTING CD 8039,13.5,,8745.13
02/10/2024,FPO,'30-14-24,30891768,DTS PROPERTY MAINT 100000001423903624 133- RENO PROGRESS 207690     10 02OCT24 14:42,1448,,8758.63
02/10/2024,DD,'30-14-24,30891768,ROYAL GREENWICH 83106415,128,,10206.63
02/10/2024,DD,'30-14-24,30891768,SKY TV 00624661951431,61,,10334.63
02/10/2024,BGC,'30-14-24,30891768,CITIBANK IRE FIN S AIRBNB PAYMENTS UK,,421.48,10395.63
02/10/2024,BGC,'30-14-24,30891768,CITIBANK IRE FIN S AIRBNB PAYMENTS UK,,287.42,9974.15
01/10/2024,DEB,'30-14-24,30891768,THE GLASS SHOP CD 8039,900,,9686.73
01/10/2024,DD,'30-14-24,30891768,REIGATE & BANSTEAD 46529383,195,,10586.73
01/10/2024,DD,'30-14-24,30891768,AFFINITY WATER 89374249,49.95,,10781.73
01/10/2024,DD,'30-14-24,30891768,TV LICENCE MBP 4092241739,15,,10831.68
01/10/2024,BGC,'30-14-24,30891768,CITIBANK IRE FIN S AIRBNB PAYMENTS UK,,276.34,10846.68
30/09/2024,FPO,'30-14-24,30891768,VASFORSAS 500000001431893740 VA- MUZAMIL 042909     10 30SEP24 20:46,125.27,,10570.34
30/09/2024,TFR,'30-14-24,30891768,ARETE PROPERTY SOL 309626 75218660,1000,,10695.61
30/09/2024,FPO,'30-14-24,30891768,PATRICIA PURCELL 100000001422094785 SERVICE 608371     10 30SEP24 09:25,43.75,,11695.61
30/09/2024,FPO,'30-14-24,30891768,GABRIELA PATRUNSU 300000001434703484 114 HOUSEKEEPING 040075     10 30SEP24 09:24,87.63,,11739.36
30/09/2024,DD,'30-14-24,30891768,ROYAL GREENWICH 83480199,107,,11826.99
30/09/2024,DD,'30-14-24,30891768,OVO ENERGY NOT-USED,36,,11933.99
30/09/2024,DD,'30-14-24,30891768,NWL & ESW WATER 8530185680,35,,11969.99
30/09/2024,PAY,'30-14-24,30891768,LOAN - 00125908,261.1,,12004.99
30/09/2024,SO,'30-14-24,30891768,AHVH LTD,66,,12266.09
30/09/2024,SO,'30-14-24,30891768,SWINTON ESTATES LI,1250,,12332.09
30/09/2024,BGC,'30-14-24,30891768,CITIBANK IRE FIN S AIRBNB PAYMENTS UK,,742.92,13582.09
30/09/2024,BGC,'30-14-24,30891768,BOOKING.COM BV NO.QJVDKUJ76FTYXYW,,441.87,12839.17
30/09/2024,DEB,'30-14-24,30891768,B&Q MARKETPLACE CD 8039    29SEP24,263.97,,12397.3
30/09/2024,DEB,'30-14-24,30891768,PRICELABSINC*DYNAP CD 8039    29SEP24,37.33,,12661.27
30/09/2024,FPO,'30-14-24,30891768,DOVETAILED STAYS L 500000001430637099 SOURCING FB 040605     10 29SEP24 08:09,375,,12698.6
27/09/2024,FPO,'30-14-24,30891768,DTS PROPERTY MAINT 600000001429441315 133- RENO PROGRESS 207690     10 27SEP24 15:14,3175,,13073.6
27/09/2024,FPO,'30-14-24,30891768,GABRIELA PATRUNSU 600000001429153248 114 HOUSEKEEPING 040075     10 27SEP24 09:47,70,,16248.6
27/09/2024,DD,'30-14-24,30891768,VIRGIN MEDIA PYMTS 719767402001,38.08,,16318.6
27/09/2024,BGC,'30-14-24,30891768,CITIBANK IRE FIN S AIRBNB PAYMENTS UK,,276.34,16356.68
26/09/2024,DEB,'30-14-24,30891768,SCREWFIX DIRECT CD 8039,28.96,,16080.34
26/09/2024,SO,'30-14-24,30891768,SYLVESTRE PROPERTY,1550,,16109.3
25/09/2024,DEB,'30-14-24,30891768,WICKES BUILDING CD 8039,166.32,,17659.3
25/09/2024,DEB,'30-14-24,30891768,SCREWFIX DIRECT CD 8039,143.98,,17825.62
25/09/2024,FPI,'30-14-24,30891768,SEACAT SERV SEACAT 403222636161529001 403426     10 25SEP24 16:16,,3990,17969.6
24/09/2024,DEB,'30-14-24,30891768,VICTORIAN PLUMBING CD 8039,788,,13979.6
24/09/2024,DEB,'30-14-24,30891768,AMAZON* 8W25L9Z45 CD 8039,,67.99,14767.6
24/09/2024,DEB,'30-14-24,30891768,AMAZON* T629E4W54 CD 8039,,22.99,14699.61
23/09/2024,DEB,'30-14-24,30891768,AMZNMktplace*TH7B2 CD 8039,97.88,,14676.62
23/09/2024,FPO,'30-14-24,30891768,ESTAI ESTATES LTD 100000001417845512 114 MALMSTONE 602313     10 23SEP24 12:20,1725,,14774.5
23/09/2024,DD,'30-14-24,30891768,L B HAVERING 532394234,184,,16499.5
23/09/2024,DEB,'30-14-24,30891768,CLICKUP US          168.00 VISAXR     1.33439 CD 8039    22SEP24,,125.9,16683.5
23/09/2024,FPO,'30-14-24,30891768,SPARKLE & TIDY 400000001431309496 22 MARIA STREET 308448     10 22SEP24 10:22,170,,16557.6
23/09/2024,FPO,'30-14-24,30891768,DTS PROPERTY MAINT 600000001426166724 133- RENO PROGRESS 207690     10 22SEP24 09:16,1877,,16727.6
23/09/2024,DEB,'30-14-24,30891768,WWW.BUILDERDEPOT.C CD 8039    21SEP24,190.72,,18604.6
23/09/2024,DEB,'30-14-24,30891768,AMAZON* T629E4W54 CD 8039    21SEP24,80.97,,18795.32
20/09/2024,DEB,'30-14-24,30891768,APPLE.COM/BILL CD 8039,1.99,,18876.29
20/09/2024,DEB,'30-14-24,30891768,MR WINDOW LIMITED CD 8039,1295,,18878.28
20/09/2024,DEB,'30-14-24,30891768,WWW.BUILDERDEPOT.C CD 8039,342.05,,20173.28
20/09/2024,DEB,'30-14-24,30891768,Amazon.co.uk CD 8039,,74.99,20515.33
19/09/2024,DD,'30-14-24,30891768,GOCARDLESS PROSPERITYNE-FCNKX,75,,20440.34
19/09/2024,DD,'30-14-24,30891768,SKY BUSINESS SERV 00002694700003,35.94,,20515.34
18/09/2024,DEB,'30-14-24,30891768,NON-GBP TRANS FEE 2.75% CD 8039,3.52,,20551.28
18/09/2024,DEB,'30-14-24,30891768,CLICKUP US          168.00 VISAXR     1.31096 CD 8039,128.15,,20554.8
18/09/2024,DEB,'30-14-24,30891768,VIRTUAL LANDLINE CD 8039,8.75,,20682.95
17/09/2024,DEB,'30-14-24,30891768,WWW.BUILDERDEPOT.C CD 8039,880.8,,20691.7
17/09/2024,DEB,'30-14-24,30891768,Canva* 04275-51805 CD 8039,12.99,,21572.5
17/09/2024,PAY,'30-14-24,30891768,SERVICE CHARGES REF : 435467869,8.5,,21585.49
17/09/2024,DD,'30-14-24,30891768,BOOKING.COM B.V. 0009121425,86.7,,21593.99
16/09/2024,DEB,'30-14-24,30891768,WWW.BUILDERDEPOT.C CD 8039,590.41,,21680.69
16/09/2024,DEB,'30-14-24,30891768,MANOMANO CD 8039,241.96,,22271.1
16/09/2024,DD,'30-14-24,30891768,EDF ENERGY A-777EE81A-001,121.75,,22513.06
16/09/2024,DD,'30-14-24,30891768,VIRGIN MEDIA PYMTS 807406303001,33,,22634.81
16/09/2024,BP,'30-14-24,30891768,DTS PROPERTY MAINT,1311,,22667.81
16/09/2024,DEB,'30-14-24,30891768,VICTORIAN PLUMBING CD 8039    15SEP24,194.75,,23978.81
16/09/2024,DEB,'30-14-24,30891768,B & Q 1233 CD 8039    15SEP24,43.2,,24173.56
16/09/2024,DEB,'30-14-24,30891768,KFC-RAINHAM DT CD 8039    15SEP24,5.49,,24216.76
16/09/2024,DEB,'30-14-24,30891768,UPLISTING CD 8039    14SEP24,19.2,,24222.25
16/09/2024,FPO,'30-14-24,30891768,M AUSTEN 300000001425842289 CENTUION FOURT 202963     10 14SEP24 15:38,150,,24241.45
13/09/2024,DEB,'30-14-24,30891768,WICKES BUILDING CD 8039,752.5,,24391.45
13/09/2024,DEB,'30-14-24,30891768,POCKETRECEPTIONIST CD 8039,33.59,,25143.95
13/09/2024,FPI,'30-14-24,30891768,ADEKUNLE OLARINDE 133RENOVATIONS 00153425632HBMYNYD 090129     10 13SEP24 12:59,,20000,25177.54
13/09/2024,BP,'30-14-24,30891768,DTS PROPERTY MAINT,2400,,5177.54
12/09/2024,TFR,'30-14-24,30891768,ARETE PROPERTY SOL 309626 75218660,350,,7577.54
11/09/2024,FPO,'30-14-24,30891768,ALEXANDRU ANDONE 600000001420641113 OLA-133 230580     10 11SEP24 23:16,500,,7927.54
11/09/2024,FPO,'30-14-24,30891768,AHVH LTD PI9935163282226112 INV-4636 608371     10 11SEP24 07:19,30,,8427.54
10/09/2024,FPO,'30-14-24,30891768,DUMITRU BOGDAN VLA 400000001425180127 ALEX 042909     10 10SEP24 20:46,300,,8457.54
10/09/2024,DEB,'30-14-24,30891768,Amazon.co.uk*G40I7 CD 8039,74.99,,8757.54
10/09/2024,FPO,'30-14-24,30891768,DUMITRU BOGDAN VLA 200000001415958087 ALEX 042909     10 10SEP24 10:00,355,,8832.53
10/09/2024,BGC,'30-14-24,30891768,NWL & ESW WATER 8530185680,,59.12,9187.53
09/09/2024,FPO,'30-14-24,30891768,O SEWEJE 500000001419621695 DIRECTORS DIVIDEND 206790     10 09SEP24 13:02,500,,9128.41
09/09/2024,DD,'30-14-24,30891768,OCTOPUS ENERGY A-B5A76363-001,60.23,,9628.41
09/09/2024,DEB,'30-14-24,30891768,AMAZON* 8W25L9Z45 CD 8039    08SEP24,67.99,,9688.64
09/09/2024,DEB,'30-14-24,30891768,AMZNMktplace*W413G CD 8039    08SEP24,39.99,,9756.63
09/09/2024,DEB,'30-14-24,30891768,B&Q LTD CD 8039    08SEP24,35,,9796.62
09/09/2024,DEB,'30-14-24,30891768,XERO UK INV-206533 CD 8021    08SEP24,36,,9831.62
09/09/2024,DEB,'30-14-24,30891768,WWW.BUILDERDEPOT.C CD 8039    07SEP24,284.8,,9867.62
09/09/2024,FPO,'30-14-24,30891768,DEWGATE LTD - CARP 200000001414524296 FLAT 11 CENTURION 201433     10 07SEP24 11:51,237,,10152.42
06/09/2024,FPO,'30-14-24,30891768,EBENEZER OYEWOLE 600000001418095588 MAINTAINANCE WORKS 040004     10 06SEP24 20:20,150,,10389.42
06/09/2024,DD,'30-14-24,30891768,OVO ENERGY 92KFZWE,138,,10539.42
06/09/2024,DD,'30-14-24,30891768,VIRGIN MEDIA PYMTS 744186001001,39.6,,10677.42
05/09/2024,FPO,'30-14-24,30891768,DTS PROPERTY MAINT 200000001413591272 133- RENO PROGRESS 207690     10 05SEP24 20:33,2400,,10717.02
05/09/2024,FPO,'30-14-24,30891768,HIBERY CHAPLIN RES 300000001420599010 24 MORECAMBE CLOSE 405162     10 05SEP24 07:44,2000,,13117.02
05/09/2024,DD,'30-14-24,30891768,GOCARDLESS VOOKEEPER-RKB2XQVC,17.5,,15117.02
04/09/2024,FPO,'30-14-24,30891768,GABRIELA PATRUNSU 400000001421727225 114 HOUSEKEEPING 040075     10 04SEP24 16:24,70,,15134.52
04/09/2024,DD,'30-14-24,30891768,SKY TV 00624661951431,61,,15204.52
03/09/2024,FPO,'30-14-24,30891768,E O OLARINDE 600000001416228623 133- WINDOWDOORS 090128     10 03SEP24 21:19,1000,,15265.52
03/09/2024,FPO,'30-14-24,30891768,DTS PROPERTY MAINT 300000001419868212 133- MATERIALS 207690     10 03SEP24 20:07,470.65,,16265.52
03/09/2024,TFR,'30-14-24,30891768,ARETE PROPERTY SOL 309626 75218660,1000,,16736.17
02/09/2024,FPO,'30-14-24,30891768,SPARKLE & TIDY 600000001415571928 22 MARIA STREET 308448     10 02SEP24 19:59,110,,17736.17
02/09/2024,DEB,'30-14-24,30891768,UPLISTING CD 8021,3,,17846.17
02/09/2024,DEB,'30-14-24,30891768,WWW.BUILDERDEPOT.C CD 9417,499.46,,17849.17
02/09/2024,FPI,'30-14-24,30891768,BESPOKE GUARDIANS INV-0345 010F215242465RLV 608382     10 02SEP24 09:13,,495,18348.63
02/09/2024,DD,'30-14-24,30891768,REIGATE & BANSTEAD 46529383,195,,17853.63
02/09/2024,DD,'30-14-24,30891768,ROYAL GREENWICH 83106415,128,,18048.63
02/09/2024,DD,'30-14-24,30891768,AFFINITY WATER 89374249,49.95,,18176.63
02/09/2024,DD,'30-14-24,30891768,TV LICENCE MBP 4092241739,15,,18226.58
02/09/2024,FPO,'30-14-24,30891768,DTS PROPERTY MAINT 100000001405781534 133- SCREED+RENO 207690     10 01SEP24 21:06,900,,18241.58
30/08/2024,DEB,'30-14-24,30891768,MAYBE SOLUTIONS LT CD 9417,,19.4,19141.58
30/08/2024,PAY,'30-14-24,30891768,LOAN - 00125908,261.05,,19122.18
30/08/2024,BP,'30-14-24,30891768,VASFORSAS,91.06,,19383.23
30/08/2024,SO,'30-14-24,30891768,AHVH LTD,66,,19474.29
29/08/2024,DEB,'30-14-24,30891768,SQSP* INV147104930 CD 9417,31.46,,19540.29
29/08/2024,FPO,'30-14-24,30891768,WAYNE LIONE 300000001416210213 114 MAINTENANCE 111423     10 29AUG24 18:07,100,,19571.75
29/08/2024,FPO,'30-14-24,30891768,PATRICIA PURCELL 500000001412846741 SERVICE 608371     10 29AUG24 18:02,282.25,,19671.75
29/08/2024,DD,'30-14-24,30891768,THAMES WATER 900061132723,52.1,,19954
29/08/2024,DD,'30-14-24,30891768,NWL & ESW WATER 8530185680,50,,20006.1
29/08/2024,SO,'30-14-24,30891768,SYLVESTRE PROPERTY,1550,,20056.1
28/08/2024,FPO,'30-14-24,30891768,MR JOHN WARE 300000001415391713 CC BED INSTALL 070436     10 28AUG24 13:20,60,,21606.1
28/08/2024,DD,'30-14-24,30891768,ROYAL GREENWICH 83480199,107,,21666.1
28/08/2024,DD,'30-14-24,30891768,OVO ENERGY NOT-USED,36,,21773.1
28/08/2024,SO,'30-14-24,30891768,SWINTON ESTATES LI,1250,,21809.1
27/08/2024,DD,'30-14-24,30891768,VIRGIN MEDIA PYMTS 719767402001,38.08,,23059.1
27/08/2024,BP,'30-14-24,30891768,DTS PROPERTY MAINT,4100,,23097.18
27/08/2024,BGC,'30-14-24,30891768,BOOKING.COM BV NO.XVYQXXHCMQNIHXS,,476.85,27197.18
27/08/2024,DEB,'30-14-24,30891768,MAYBE SOLUTIONS LT CD 9417    26AUG24,116.4,,26720.33
27/08/2024,FPO,'30-14-24,30891768,DTS PROPERTY MAINT 400000001415119282 133- RENO+REPAIR 207690     10 25AUG24 12:10,700,,26836.73
27/08/2024,FPI,'30-14-24,30891768,B OLADUNNI 26TH OF AUGUST 200000001406187743 309185     10 25AUG24 09:12,,115,27536.73
27/08/2024,FPO,'30-14-24,30891768,AHVH LTD PI6376257634039157 INV-4619 608371     10 25AUG24 08:05,1.8,,27421.73
27/08/2024,DEB,'30-14-24,30891768,WWW.ARGOS.CO.UK CD 9417    24AUG24,47,,27423.53
27/08/2024,FPI,'30-14-24,30891768,ADEKUNLE OLARINDE 133RENOVATIONS 00153425632GZGSLCH 090129     10 24AUG24 13:35,,10000,27470.53
23/08/2024,FPI,'30-14-24,30891768,ADEKUNLE OLARINDE 133RENOVATIONS 00153425632GZFRMBJ 090129     10 23AUG24 15:19,,10000,17470.53
22/08/2024,DEB,'30-14-24,30891768,GUMTREE COM CD 9417,,14.99,7470.53
21/08/2024,DD,'30-14-24,30891768,L B HAVERING 532394234,184,,7455.54
21/08/2024,DD,'30-14-24,30891768,SKY BUSINESS SERV 00002694700003,35.94,,7639.54
20/08/2024,FPI,'30-14-24,30891768,MOHAMED IBRAHIM CARPET COST REV241795521182144 040075     10 20AUG24 19:45,,342,7675.48
20/08/2024,DEB,'30-14-24,30891768,APPLE.COM/BILL CD 8021,1.99,,7333.48
20/08/2024,DEB,'30-14-24,30891768,WWW.ARGOS.CO.UK CD 9417,130,,7335.47
20/08/2024,DEB,'30-14-24,30891768,PRICELABSINCDYNAPR CD 9417,27.02,,7465.47
20/08/2024,DEB,'30-14-24,30891768,DART CHARGE AUTO T CD 9417,20,,7492.49
20/08/2024,FPI,'30-14-24,30891768,SEACAT SERV SEACAT 849894010311028001 403426     10 20AUG24 11:30,,3990,7512.49
20/08/2024,FPI,'30-14-24,30891768,SPACE COWBOY LIMIT REFUND 64064137284394000N 600325     10 20AUG24 06:41,,480,3522.49
20/08/2024,BP,'30-14-24,30891768,UXO GROUNDS,570,,3042.49
19/08/2024,PAY,'30-14-24,30891768,SERVICE CHARGES REF : 432399710,7,,3612.49
19/08/2024,FPO,'30-14-24,30891768,PATRICIA PURCELL 100000001397895903 SERVICE 608371     10 19AUG24 18:14,99,,3619.49
19/08/2024,DD,'30-14-24,30891768,GOCARDLESS PROSPERITYNE-FCNKX,75,,3718.49
19/08/2024,BP,'30-14-24,30891768,ESTAI ESTATES LTD,1645,,3793.49
19/08/2024,DEB,'30-14-24,30891768,VIRTUAL LANDLINE CD 8021    18AUG24,8.75,,5438.49
19/08/2024,FPI,'30-14-24,30891768,MOHAMED IBRAHIM EXT 18-08TO 25-08 REV239636428143754 040075     10 18AUG24 10:31,,1113,5447.24
19/08/2024,DEB,'30-14-24,30891768,AMAZON* SO57382Z5 CD 9417    17AUG24,36.98,,4334.24
16/08/2024,FPO,'30-14-24,30891768,SPACE COWBOY LTD 300000001409183547 2 BED - 21-27 AUG 600325     10 16AUG24 20:16,480,,4371.22
16/08/2024,FPI,'30-14-24,30891768,UXO GROUNDWORKS LT INV-0343 RD182Y7RX36LEV4Y60 608371     10 16AUG24 19:53,,570,4851.22
16/08/2024,DEB,'30-14-24,30891768,CANVA* I04244-7620 CD 8021,12.99,,4281.22
16/08/2024,DEB,'30-14-24,30891768,OPENRENT ADVERTISI CD 9417,49,,4294.21
16/08/2024,DEB,'30-14-24,30891768,OPENRENT ADVERTISI CD 9417,49,,4343.21
16/08/2024,FPO,'30-14-24,30891768,DOVETAILED STAYS L 200000001401550007 SOURCING TRAINING 040605     10 16AUG24 15:59,1000,,4392.21
16/08/2024,DD,'30-14-24,30891768,VIRGIN MEDIA PYMTS 807406303001,33,,5392.21
15/08/2024,DD,'30-14-24,30891768,EDF ENERGY A-777EE81A-001,121.75,,5425.21
14/08/2024,DEB,'30-14-24,30891768,UPLISTING CD 8021,19.2,,5546.96
13/08/2024,DEB,'30-14-24,30891768,SKY SUBSCRIPTION CD 9417,66.75,,5566.16
13/08/2024,FPO,'30-14-24,30891768,GABRIELA PATRUNSU 500000001403612246 114 HOUSEKEEPING 040075     10 13AUG24 09:07,70,,5632.91
12/08/2024,DEB,'30-14-24,30891768,POCKETRECEPTIONIST CD 8021,52.59,,5702.91
12/08/2024,FPO,'30-14-24,30891768,AC THOROUGHBREDS S 300000001406554852 COWDRAY 12-16 AUG 040605     10 12AUG24 12:41,336,,5755.5
12/08/2024,FPI,'30-14-24,30891768,S KING MNG COWDRAY AVE 100000001393933928 770438     10 12AUG24 12:35,,520,6091.5
12/08/2024,FPI,'30-14-24,30891768,MOHAMED IBRAHIM EXT 11-08TO 18-08 REV234525159907233 040075     10 12AUG24 09:48,,43.81,5571.5
12/08/2024,FPI,'30-14-24,30891768,VRBO HOLDINGS INC HOMEAWAYUK1131238 PH737WNBZF562Q2T00 200000     40 12AUG24 08:16,,3096.39,5527.69
12/08/2024,DEB,'30-14-24,30891768,COMPANIESHOUSE WEB CD 9417    10AUG24,34,,2431.3
12/08/2024,DEB,'30-14-24,30891768,AMAZON* IM4BG3RE5 CD 9417    10AUG24,53.05,,2465.3
09/08/2024,FPI,'30-14-24,30891768,MOHAMED IBRAHIM EXT 11-08TO 18-08 REV232393888109328 040075     10 09AUG24 22:36,,1069.19,2518.35
09/08/2024,DEB,'30-14-24,30891768,OPENRENT ADVERTISI CD 9417,49,,1449.16
08/08/2024,DEB,'30-14-24,30891768,XERO UK INV-202825 CD 8021,36,,1498.16
08/08/2024,FPI,'30-14-24,30891768,STRIPE PAYMENTS UK STRIPE 742780755700 185008     10 08AUG24 08:57,,1085.89,1534.16
08/08/2024,DD,'30-14-24,30891768,GOCARDLESS VOOKEEPER-RKB2XQVC,17.5,,448.27
07/08/2024,DD,'30-14-24,30891768,OCTOPUS ENERGY A-B5A76363-001,56.35,,465.77
07/08/2024,BP,'30-14-24,30891768,INSIDE AND OUT,450,,522.12
06/08/2024,DEB,'30-14-24,30891768,OPENRENT ADVERTISI CD 9417,49,,972.12
06/08/2024,DEB,'30-14-24,30891768,GUMTREE COM CD 9417,14.99,,1021.12
06/08/2024,DD,'30-14-24,30891768,OVO ENERGY 92KFZWE,206,,1036.11
06/08/2024,DD,'30-14-24,30891768,VIRGIN MEDIA PYMTS 744186001001,39.6,,1242.11
05/08/2024,DEB,'30-14-24,30891768,AMAZON* 204-418372 CD 9417    03AUG24,35.47,,1281.71
05/08/2024,FPO,'30-14-24,30891768,MAP PROPERTY PARTN 400000001403264636 BELVEDERE  4-21AUG 040003     10 03AUG24 14:03,1200,,1317.18
05/08/2024,FPO,'30-14-24,30891768,GABRIELA PATRUNSU 600000001398128004 114 HOUSEKEEPING 040075     10 03AUG24 12:50,97,,2517.18
05/08/2024,FPO,'30-14-24,30891768,SPACE COWBOY LTD 600000001398127792 3 BED - 7-12 AUGUS 600325     10 03AUG24 12:50,425,,2614.18
05/08/2024,FPO,'30-14-24,30891768,PATRICIA PURCELL 200000001394364732 SERVICE 608371     10 03AUG24 12:49,73.75,,3039.18
05/08/2024,FPI,'30-14-24,30891768,UXO GROUNDWORKS LT EA3 ACCOM EWR02OX4QP1P7234L1 608371     10 03AUG24 09:50,,590,3112.93
02/08/2024,FPI,'30-14-24,30891768,SRE BLADES UK LIMI INV 0337 000000FT242152BB11 230580     10 02AUG24 15:17,,1450,2522.93
02/08/2024,DD,'30-14-24,30891768,ROYAL GREENWICH 83106415,128,,1072.93
02/08/2024,DD,'30-14-24,30891768,SKY TV 00624661951431,59.85,,1200.93
02/08/2024,BP,'30-14-24,30891768,HIBERY CHAPLIN RES,2000,,1260.78
01/08/2024,DD,'30-14-24,30891768,REIGATE & BANSTEAD 46529383,195,,3260.78
01/08/2024,DD,'30-14-24,30891768,AFFINITY WATER 89374249,49.95,,3455.78
01/08/2024,DD,'30-14-24,30891768,TV LICENCE QBP1 4171326634,43.64,,3505.73
01/08/2024,DD,'30-14-24,30891768,TV LICENCE MBP 4092241739,15,,3549.37
01/08/2024,SO,'30-14-24,30891768,SYLVESTRE PROPERTY,1550,,3564.37