"business","email","email_confidence","region","city","sector","score","deal_model","phone","owner"
"Dooley's Funeral Directors (Colm Dooley, Funeral Director)","colum@midlandbar.ie","Med","Ireland","Kilcormac, Co. Offaly","funeral directors","9.25","1b free website then ask for a review + referral (lead rev-share is a poor fit: funeral demand is non-discretionary, local and trust-driven, not advertising-elastic)","057 9135009 / 087 8160967","Colm Dooley (grandson of founder James Dooley); Padraig Dooley also named publicly as funeral director"
"Fitzsimons Family Fishmongers","fitzsimonsfishorders@gmail.com","Med","Ireland","Dublin (Kimmage, Dublin 12)","specialist retail - fishmonger / fresh fish & shellfish shop","9","1b free website then ask for a review + referral","+353 1 558 4512","Fitzsimons family (2nd generation) - Linda, Philip, John and Jennie Fitzsimons"
"Lough Dental Practice (Dr Sean Toomey)","loughdentalpractice@gmail.com","Med","Ireland","Cork (The Lough, Cork City)","dental","9","1a lead rev-share (% of every lead we generate), with a free dedicated website + review-collection setup as the entry point","021 431 1456","Dr Sean Toomey (BDS NUI)"
"Campion Denture Clinic and Laboratory Ltd (Campion Dental Laboratory)","kierancampion@live.com","Med","Ireland","Kilkenny","dental labs","9","1b free website then ask for a review + referral (with upside to 1a lead rev-share on private denture enquiries once the site is generating measurable leads)","056 7770343 / 087 2270474","Kieran Campion"
"Mairi Urquhart & Son Funeral Group","info@mairiurquhartandson.com","High","Scotland","Alness (also Muir of Ord & Dornoch)","Funeral directors","9","1b free website then ask for a review + referral (review-acquisition layer on the existing site, leading to referral relationship)","01349 808409 (Alness); 01463 215604 / 01349 880901 (Muir of Ord)","Mairi Urquhart (and son David Urquhart, both directors)"
"Karen Lowe Dental Surgery","dentist@karenlowe.ie","High","Ireland","Terenure, Dublin 6W","Healthcare clinic - Private dental","9","1a lead rev-share (% of every new patient lead we generate), given high-ticket implants/veneers; fall back to 1b free modern site + review/referral engine if owner prefers a fixed, low-friction start.","(01) 490 4935","Dr Karen Lowe (B.Dent.Sc., Trinity College Dublin 1992)"
"L. Dollay Optometrist","northeathopticians@dollay.com","Med","London","Erith / Northumberland Heath (Bexley)","Opticians","9","1b free website then ask for a review + referral (lead with a review-generation fix; eye-care is repeat/lower-ticket so a per-lead rev-share is a weaker fit than a reputation + referral play)","01322 359507 (Erith); 020 8311 8711 (Thamesmead)","Lakhbinder Dollay"
"St. Margarets Residential Home","infostmargarets@gmail.com","Med","London","Sidcup (London Borough of Bexley)","care homes/domiciliary","8.75","1b free website then ask for a review + referral","020 8300 2745","Yara Enterprises Limited (operator); Manager: Uday Pani Kumar"
"Malahide Dental Practice (Dr Niall Gough)","malahidedentalpractice@eircom.net","Med","Ireland","Malahide, Dublin","Healthcare clinic - private dental","8.5","1a lead rev-share (% of every new high-ticket patient lead we generate, e.g. implants/crowns/whitening)","(01) 845 0541","Niall Gough (BA, B.Dent Sc)"
"St John's Hearing Aid Centre Ltd","info@stjohnshac.co.uk","High","Scotland","Musselburgh (East Lothian / greater Edinburgh)","Audiology","8.5","1a lead rev-share (% of every qualified lead we generate) — high-ticket private hearing aids (GBP 1,000-3,000+/pair) give each lead clear, measurable value; offer a free modern website/landing rebuild + review-capture as the on-ramp, then move to per-lead share.","0131 665 6464",""
"Dr Ciaran Casey Dentist","drciarancasey@gmail.com","Med","Ireland","Terenure, Dublin 6W","Healthcare clinic - Private dental","8.25","1a lead rev-share (% of every lead we generate) - high-ticket implants/crowns give clear per-lead value; secondary lever is a free review-collection + reputation system to convert 25 years of goodwill into visible reviews and referrals","(01) 492 9244","Dr Ciaran Casey (B.A., B.Dent.Sc.)"
"FX Rowan & Co. Solicitors","info@fxrowan.ie","High","Ireland","Dublin","Solicitors","8","1a lead rev-share (% of every lead we generate)","+353 1 678 5400","Francis (FX) Rowan, Principal Solicitor"
"James Cockburn Funeral Directors","enquiries@jamescockburn.co.uk","High","Scotland","Glasgow (Govan)","Established local services","8","1b free website then ask for a review + referral (lead with a free modern site + a simple review-collection system; given the sensitive sector and an owner likely focused on service over marketing, build trust first rather than opening with rev-share)","0141 465 5318","Gavin Henshelwood (Managing Director since 2011, 3rd generation)"
"Beaver Architectural Ironmongery Limited","sales@beaverai.co.uk","High","London","Croydon","B2B niche wholesale / specialist supply (architectural ironmongery to the building trade)","8","1a lead rev-share (% of every lead we generate) — B2B specification supply has measurable per-order value; alternatively 1b free modernised website + review/scheduling capture as the entry wedge.","020 8681 3939","Directors include Gary Bevan, Leroy Anthony Wilson, Mark Lansley and Mark Johnathan Waterhouse (first directors per Companies House). Active director born Feb 1967, appointed 15 July 1999. Confirm the current key decision-maker on the Companies House officers page before outreach."
"Goskirk Pettinger Optometrists & Opticians","dingwall@gpoptom.com","High","Scotland","Dingwall (plus Golspie, Inverness, Ullapool)","Opticians / Optometrists","8","1b free website/visibility value then ask for a review + referral (review-generation system across the 4 practices; not a per-lead rev-share given NHS+private repeat-custom model)","01349 863376 (Dingwall)",""
"McNicol Property Consultants","scott@mcnicolproperty.co.uk","High","Scotland","Glasgow","Chartered Surveyors","8","1a lead rev-share (% of every commercial property lead/instruction we generate)","0141 779 7741","Scott McNicol BSc MRICS (founder/owner)"
"The Village Physiotherapy Clinic","info@village-physio.co.uk","High","London","Orpington (Farnborough), Bromley","Physiotherapy","7.75","1b free website then ask for a review + referral (with optional move to 1a lead rev-share on private MSK/sports-injury enquiries once trust is built)","01689 851143 / 01689 861901",""
"D.S. Macdonald Watchmaker & Jeweller","Sales@dsmacdonald.co.uk","High","Scotland","Stirling","Established local services / premium retail","7.5","1b free website then ask for a review + referral — adapted: they already have a site/shop, so lead with a free review-generation + repair-lead-capture fix rather than a free website; per-lead rev-share possible on watch-repair side once lead value is established.","01786 462889","Stuart Macdonald (site brands as ""D.S. Stuart Macdonald""; not formally confirmed as director via Companies House)"
"Harper Hair Salon","Info@harperhairsalon.com","Med","Scotland","Glasgow (Mount Florida / Battlefield, Southside)","Premium hair & beauty","7.5","1b free website then ask for a review + referral","0141 649 0090",""
"Copsey Murray Chartered Accountants","info@copseymurray.ie","High","Ireland","Dublin","Accountancy practice","7.5","1b free website refresh then ask for a review + referral (professional-services; per-lead rev-share is a weaker fit because new-client value is high but hard to attribute cleanly)","+353 1 661 0144","Directors listed by first name on firm site (Tim, Robert, David, Andrew, Martin); Angela Murphy also referenced as a director; surnames not published on directors page"
"James Wilson & Co (Wilson Tractors (Berryhill) Ltd)","david@wilsontractors.co.uk","High","Scotland","Moscow, Galston (East Ayrshire)","Niche B2B manufacturer/wholesaler","7.5","1b free website then ask for a review + referral (modernise the dated site and add a review/testimonial capture; per-lead rev-share is a weaker fit because most trade business comes via established relationships and export, not web leads)","01560 700273 (mobile 07836 747879)","David Wilson (director)"
"Nettlestead Care Home","enquiries@nettlestead.com","High","London","Bromley (London Borough of Bromley)","care homes/domiciliary","7.5","1b free website then ask for a review + referral (already has a decent site, so lead with a first-party review-capture + visibility fix; long-term move toward 2a free value then partner)","020 8460 2279","Nightingale Retirement Care Limited (operator, Co. No. 02716946); Nominated Individual: Adrienne Tooke"