Business Name,Audited,Websites,Email Addresses,Physical Addresses,Phone Numbers,Problems Found,
"Mercury Electrical","No","https://mercuryelectrical.com/","info@mercuryelectrical.com","Mercury Electrical, 4 Pinewood Way, Hutton, Essex CM13 1HP","01277 216027","4"
"A-Star Electrical Services London","No","","","","+447400472301","0"
"TM Hughes Electrical","No","https://tmhugheselectrical.co.uk/, https://tmhugheselectrical.co.uk/contact/","info@tmhugheselectrical.co.uk","","01277 801560","0"
"Supreme Electrical Limited","No","","","","","0"
"PV Electrical Services","No","http://www.pvelectricalservices.com/","info@pvelectricalservices.com","Suite 17, Essex House, Upminster, RM14 2SJ","01277 295007","6"
"THS Electrical Services","No","http://www.ths-electrical.co.uk/","","Dagenham RM8 3AR","07307 203857","0"
"Essex Electrical Solutions Ltd","No","","","Basildon, Essex SS14 3GU","07307 245829","0"
"JDM Electrical Services Ltd","No","","","","+447446168857","0"
"Brentwood Electrical Contractors","No","","","5 ST. James Road, Brentwood, Essex, United Kingdom","+441277216121","0"
"Essex Home Electricians","No","https://www.essexhomeelectricians.co.uk/","essexhomeelectricians@gmail.com","","07496 559 464, 0800 8611 806","3"
"Bryden Electrical Ltd","No","","info@brydenelectricalltd.co.uk","143 Chignal Road, Chelmsford CM1 2JD","07999 290802","1"
"BS ELECTRICAL SOLUTIONS LTD","No","","","","+447367025694","0"
"DG Electrical","No","","","","+447365115375","0"
"SJ Connolly Electrical","No","https://www.sjconnollyelectrical.com/","info@sjconnollyelectrical.com","","07517741012, 02082795846","1"
"EPHD Services Ltd","No","","","Billericay, Essex CM11 2YG","07307 205928","0"
"Electrical Installation House Rewire, Brentwood","No","https://brentwoodelectrician.uk/","","1, 11A Ingrave Rd, Brentwood CM15 8AP","07418 356424","6"
"Connection Electrical & Alarm Services Ltd","No","","","","+447888866179","0"
"Elite Electrical","No","","","","+447429057692","0"
"E F S Solutions","No","","","","+447401234968","0"
"P Carter Electrical and Building Contractors","No","https://pcarterelectrical.co.uk/","info@pcarterelectrical.co.uk","1 Coalman Cottages, Blue Ancor, Tilbury, Thurrock, Essex, RM18 8TT","01375 472506, 07976 944 038, 07866 489 037","1"
"MBM Electrical Services Ltd","No","","","Romford RM1 4XA","07307 247508","0"
"Harding Brothers Electrical Limited","No","","","","+447453347613","0"
"Mead Electrical Services Ltd","No","","","Ingatestone, Essex CM4 0AT","07307 203066","0"
"The Brentwood House Rewire Electrician","No","https://thebrentwoodelectrician.co.uk/","","16a Crown St, Brentwood, CM14 4AN, United Kingdom","+44 7418 351143","6"
"Con-fused Electrical Limited","No","","","Romford RM1 1AA","07307 208784","0"
"Bryden Electrical Ltd","No","","","Brentwood CM15 8AY","07307 260524","0"
"Full Circuit Solutions","No","","","","+447449762791","0"
"RIDA Electric","No","","","","+447727674959","0"
"Raja Electricals","No","","","","+447463569583","0"
"DB Electrical Experts","No","https://dbelectricalexperts.co.uk/","","London, UK","077 07491444","3"
"JAE Electrical Ltd","No","","","Hornchurch, Essex RM12 4LW","07307 291505","0"
"Walkers Electrical Solutions Ltd","No","https://www.walkerselectricalsolutions.co.uk/","walkerselectricalsolutions7@gmail.com","","01277 295 059","1"
"Lee Electrical And Maintenance Limited","No","","","","+447401192852","0"
"KJF Electrical Limited","No","","","Billericay, Essex CM11 2PJ","07307 201175","0"
"Volt East Ltd","No","","sam.brown@volteastgroup.co.uk","","07952199688, +447852199688","1"
"Double Lively Electrical","No","","","Wickford, Essex SS12 0ET","07307 263040","0"
"JK Electrical Ltd","No","","admin@jkelectricalltd.com","Brentwood, Essex","07817140139","0"
"Brenbar Electrical Services Ltd","No","","info@brenbarelectrical.co.uk","18 Falcon Business Centre, Romford RM3 8UR","01708 381110","1"
