ID,Business Name,City,Area,Lead Type,Priority,Composite Score,Digital Presence,Local SEO,AI Discoverability,Google Trust,Mobile Score,Conversion Ready,Google Reviews,Missed Enquiries/mo,Has Website,Website URL,Email,Phone,Address,Recommended Service,Landing Page File,JSON File
1,Volt Electrical Solutions Ltd,London,EVCP Installers,EV Charger Installer,LOW,73,84,65,65,75,81,60,50,7–12,Yes,voltelectricalsolutions.co.uk,info@volt-electrical-solutions.co.uk,0208 226 0132,London & Essex,Lead Generation + Conversion Rate Optimisation,volt-electrical-solutions-ltd.html,volt-electrical-solutions-ltd.json
2,Volt East,London,EVCP Installers,EV Charger Installer,LOW,68,77,70,42,80,64,69,34,3–10,Yes,volteast.co.uk,sam.brown@volteastgroup.co.uk,07952 199688,East London / Greater London,Lead Generation + Conversion Rate Optimisation,volt-east.html,volt-east.json
3,Eazeco Energy,Essex,EVCP Installers,EV Charger Installer,LOW,65,78,71,47,56,72,55,94,3–9,Yes,eazecoenergy.com,info@eazecoenergy.com,01268 949 403 / 07740 955 966,Essex,Lead Generation + Conversion Rate Optimisation,eazeco-energy.html,eazeco-energy.json
4,Essex Home Electricians,Essex,EVCP Installers,EV Charger Installer,LOW,65,66,63,66,55,67,74,60,3–6,Yes,essexhomeelectricians.co.uk,essexhomeelectricians@gmail.com,07496 559 464 / 0800 8611 806,Essex,Lead Generation + Conversion Rate Optimisation,essex-home-electricians.html,essex-home-electricians.json
5,M&S Electrical Services (Kent),London,EVCP Installers,EV Charger Installer,LOW,67,81,55,66,63,70,62,43,5–11,Yes,mselectricalkent.co.uk,office@mselectricalkent.co.uk,01732 247660,Kent / South East London,Lead Generation + Conversion Rate Optimisation,m-s-electrical-services-kent.html,m-s-electrical-services-kent.json
6,KLIC Electrical,London,EVCP Installers,EV Charger Installer,LOW,68,65,58,66,71,83,76,36,6–9,Yes,klic-electrical.co.uk,,07852 280 518,"Aveley, Essex – covers Essex & East London (Barking, Leyton, Bethnal Green)",Lead Generation + Conversion Rate Optimisation,klic-electrical.html,klic-electrical.json
7,Life Electric,Upminster,Upminster,Electrician,WARM,29,31,39,18,24,26,28,37,20–30,Yes,https://lifeelectric.co.uk/,info@lifeelectric.co.uk,07475255500,"154 A Balgores Lane, Gidea Park, RM2 6BP",SEO Optimisation + Mobile Upgrade + Google Business Profile,life-electric.html,life-electric.json
8,Essex Car Charger,Essex,EVCP Installers,EV Charger Installer,LOW,65,62,70,46,76,72,67,66,6–12,Yes,essexcarcharger.co.uk,info@essexcarcharger.co.uk,,Essex,Lead Generation + Conversion Rate Optimisation,essex-car-charger.html,essex-car-charger.json
9,Current Electrical,London,Greenwich,Electrician,WARM,46,48,46,28,49,57,46,55,11–17,Yes,https://currentco.co.uk/,Harrison@currentco.co.uk,+447476149725,"86-90 Paul Street, London, EC2A 4NE",Local SEO + AI Discoverability + Lead Generation,current-electrical.html,current-electrical.json
10,Route Electrical Ltd,London,Greenwich,Electrician,WARM,52,51,53,47,60,50,54,51,8–17,Yes,https://route-electrical.co.uk/,info@route-electrical.co.uk,"020 7101 4855, 07833445850","19 Bournewood Rd, London BR5 4JN, United Kingdom",Local SEO + AI Discoverability + Lead Generation,route-electrical-ltd.html,route-electrical-ltd.json
11,Quantum Electrical Services,London,London,Electrician,WARM,31,50,22,18,26,32,27,32,11–24,Yes,https://www.quantum-electrical.co.uk/,info@quantum-electrical.co.uk,02088193188,"51 Holland Street, Kensington, London, England, W8 7JB",SEO Optimisation + Mobile Upgrade + Google Business Profile,quantum-electrical-services.html,quantum-electrical-services.json
12,Cole Electric Ltd,London,London,Electrician,WARM,29,30,24,20,20,45,39,10,21–31,Yes,https://coleelectric.co.uk/,colin@coleelectric.co.uk,+44 7723 388 907,"London, UK",SEO Optimisation + Mobile Upgrade + Google Business Profile,cole-electric-ltd.html,cole-electric-ltd.json
13,London Electrical Solutions Ltd.,London,London,Electrician,WARM,37,46,40,29,26,46,24,31,21–31,Yes,https://www.londonelectricalsolutions.com/,info@londonelectricalsolutions.com,"0203 3971 522, 0203 3971 523, 07795 428683","Unit 15 Greenwich Business Centre Park, 53 Norman Road, London, England, SE10 9QF",SEO Optimisation + Mobile Upgrade + Google Business Profile,london-electrical-solutions-ltd.html,london-electrical-solutions-ltd.json
14,SES Electrical Contractors,London,London,Electrician,WARM,45,48,49,28,40,61,41,44,9–17,Yes,https://seselectricalcontractors.co.uk/,info@seselectricalcontractors.co.uk,0207 523 5373,"Based in Chiswick, West London",Local SEO + AI Discoverability + Lead Generation,ses-electrical-contractors.html,ses-electrical-contractors.json
15,London Electricians 24/7 Ltd,London,Woolwich,Electrician,WARM,53,58,50,47,44,64,55,22,10–19,Yes,https://london-electricians-247.co.uk/,info@london-electricians-247.co.uk,"020 3651 9615, +44 7554 993274","HEYFORD AVENUE, LONDON, SW8 1EA",Local SEO + AI Discoverability + Lead Generation,london-electricians-24-7-ltd.html,london-electricians-24-7-ltd.json
16,Matrix Electric Limited,Hornchurch,Upminster,Electrician,WARM,46,48,46,31,46,58,42,59,9–17,Yes,https://matrixelectric.co.uk/,michael@leonelectricians.co.uk,"+44 7501 031125, +44 7400 207799",169 High Street Hornchurch,Local SEO + AI Discoverability + Lead Generation,matrix-electric-limited.html,matrix-electric-limited.json
17,Frank & Sons Electrical Ltd,Hornchurch,Upminster,Electrician,WARM,46,53,41,29,50,54,48,29,9–15,Yes,https://frankandsonselectrical.co.uk/,office@frankandsonselectrical.co.uk,"+441708703276, +447931271125","Hornchurch, Essex, RM12",Local SEO + AI Discoverability + Lead Generation,frank-sons-electrical-ltd.html,frank-sons-electrical-ltd.json
18,SCV Electrical,London,Greenwich,Electrician,WARM,40,45,40,29,42,46,30,9,16–28,Yes,https://scv-electrical.co.uk/,info@scv-electrical.co.uk,"020 7123 8400, 01962 571600","46 Stepney Green, London, E1 3JJ, 2 Chester Road, Winchester, SO23 0EL",SEO Optimisation + Mobile Upgrade + Google Business Profile,scv-electrical.html,scv-electrical.json
19,London Electrical.Com Ltd,Dartford,Dartford,Electrician,WARM,50,56,46,40,47,65,45,64,13–24,Yes,https://www.londonelectrical.com/,info@londonelectrical.com,"01322 950828, 07968 588187","Regus House, Admiral Park, Victory Way, Dartford, DA2 6QD, Canada House, First Floor, 20/20 Business Park, Maidstone, Kent, ME16 0LS",Local SEO + AI Discoverability + Lead Generation,london-electrical-com-ltd.html,london-electrical-com-ltd.json
20,Electrical Solutions 247 Ltd.,London,London,Electrician,WARM,47,52,42,31,53,51,49,57,13–24,Yes,https://www.electricalsolutions247ltd.co.uk/,info@electricalsolutions247ltd.co.uk,"+447777968288, +447862796275","117 Cannon Street Road, E1 2LX London",Local SEO + AI Discoverability + Lead Generation,electrical-solutions-247-ltd.html,electrical-solutions-247-ltd.json
21,PV Electrical Services,Upminster,Brentwood,Electrician,HOT,18,22,10,11,19,28,14,3,19–34,Yes,http://www.pvelectricalservices.com/,info@pvelectricalservices.com,01277 295007,"Suite 17, Essex House, Upminster, RM14 2SJ",Website Redesign + AI Automation + SEO Overhaul,pv-electrical-services.html,pv-electrical-services.json
22,Stay Current Limited,London,Woolwich,Electrician,WARM,52,64,41,35,56,57,53,72,8–18,Yes,https://staycurrent.co.uk/,enquiries@staycurrent.co.uk,07737 868624,"3 Sandham Point, Vincent Road, London SE18 6RL",Local SEO + AI Discoverability + Lead Generation,stay-current-limited.html,stay-current-limited.json
23,Excel Electricians LTD,London,Woolwich,Electrician,WARM,33,47,26,21,32,37,29,28,16–26,Yes,https://excelelectrician.co.uk/,info@excelelectrician.co.uk,07947194448,"3 Downbank Avenue, London, DA7 6RS",SEO Optimisation + Mobile Upgrade + Google Business Profile,excel-electricians-ltd.html,excel-electricians-ltd.json
24,P Carter Electrical and Building Contractors,Essex,Brentwood,Electrician,WARM,49,54,48,30,56,52,52,12,8–14,Yes,https://pcarterelectrical.co.uk/,info@pcarterelectrical.co.uk,"01375 472506, 07976 944 038, 07866 489 037","1 Coalman Cottages, Blue Ancor, Tilbury, Thurrock, Essex, RM18 8TT",Local SEO + AI Discoverability + Lead Generation,p-carter-electrical-and-building-contractors.html,p-carter-electrical-and-building-contractors.json
25,Mnelectrical,London,Chigwell,Electrician,WARM,49,51,40,42,49,59,56,57,11–18,Yes,https://mnelectrical.uk/,"info@mnelectrical.uk, info@mnelectrical.com","07424677297, 07460786557",London,Local SEO + AI Discoverability + Lead Generation,mnelectrical.html,mnelectrical.json
26,Luminex Electrical,Ilford,Chigwell,Electrician,WARM,51,50,52,44,55,60,44,45,8–15,Yes,https://luminexelectrical.co.uk/,info@luminexelectrical.co.uk,"+44 7446 164737, +44 7540266790, +12345678910",3 Brooks Parade Green Lane Ilford IG3 9RT,Local SEO + AI Discoverability + Lead Generation,luminex-electrical.html,luminex-electrical.json
27,Mercury Electrical,Essex,Brentwood,Electrician,WARM,33,50,32,20,22,38,23,9,16–28,Yes,https://mercuryelectrical.com/,info@mercuryelectrical.com,01277 216027,"Mercury Electrical, 4 Pinewood Way, Hutton, Essex CM13 1HP",SEO Optimisation + Mobile Upgrade + Google Business Profile,mercury-electrical.html,mercury-electrical.json
28,Jema Electrical,London,Chigwell,Electrician,WARM,34,42,38,30,27,37,22,9,18–26,Yes,https://jemaelectrical.com/,info@jemaelectrical.com,07479 937390,"8 Station Parade, Upper Clapton Rd, London E5 8BD, UK",SEO Optimisation + Mobile Upgrade + Google Business Profile,jema-electrical.html,jema-electrical.json
29,Sinera Electrical Services,London,Greenwich,Electrician,WARM,30,32,36,16,23,34,35,35,11–17,Yes,https://sineraelectrical.co.uk/,,+44 20 3633 2995,"56 Chilver St, London, SE10 0RH, United Kingdom",SEO Optimisation + Mobile Upgrade + Google Business Profile,sinera-electrical-services.html,sinera-electrical-services.json
30,Cummins Electrical Services,Erith,Woolwich,Electrician,WARM,38,48,38,24,39,39,31,23,12–22,Yes,https://cummins-electrical-services.co.uk/,,+44 7857 003160,"213 Mangold Wy, Erith, DA18 4DD, United Kingdom",SEO Optimisation + Mobile Upgrade + Google Business Profile,cummins-electrical-services.html,cummins-electrical-services.json
31,London Electricians,London,London,Electrician,HOT,21,35,23,20,12,11,13,9,27–40,Yes,https://www.london-electricians.com/,,+44 20 8728 9179,"166 Sussex Gardens, Tyburnia, London, W2 1TP, United Kingdom",Website Redesign + AI Automation + SEO Overhaul,london-electricians.html,london-electricians.json
32,Electricians Woolwich,London,Woolwich,Electrician,HOT,19,26,20,11,14,27,10,5,24–32,Yes,https://woolwich-electricians.co.uk/,,020 3519 8795,Macoma road SE18 2QE Woolwich London England,Website Redesign + AI Automation + SEO Overhaul,electricians-woolwich.html,electricians-woolwich.json
33,Technical Electrical Solutions,London,Woolwich,Electrician,HOT,21,37,27,10,12,14,12,7,25–33,Yes,https://testeam.co.uk/,,+44 7939 090494,"72 Ferry St, London, E14 3FA, United Kingdom",Website Redesign + AI Automation + SEO Overhaul,technical-electrical-solutions.html,technical-electrical-solutions.json
34,Handyman Greenwich,London,Greenwich,Electrician,WARM,52,62,43,42,46,63,53,55,13–19,Yes,https://greenwich-handyman.co.uk/,,020 8719 0128,"Greenwich, London, United Kingdom",Local SEO + AI Discoverability + Lead Generation,handyman-greenwich.html,handyman-greenwich.json
35,AC1 Electrical Services LTD - Electricians in London,London,Greenwich,Electrician,WARM,51,57,51,30,52,59,56,25,8–18,Yes,https://www.ac1electricalservices.com/electricians-in-london,,+44 20 3150 1342,"6, Beaufort Court, Admirals Way, Canary Wharf Estate, London E14 9XL, United Kingdom",Local SEO + AI Discoverability + Lead Generation,ac1-electrical-services-ltd-electricians-in-london.html,ac1-electrical-services-ltd-electricians-in-london.json
36,A1 Electrical Services Welling,Woolwich,Woolwich,Electrician,WARM,34,47,30,22,31,37,27,40,10–17,Yes,https://thesoutheastelectricians.co.uk/welling/,,+44 800 878 6046,"32a Bellegrove Rd, Welling, DA16 3PU, United Kingdom",SEO Optimisation + Mobile Upgrade + Google Business Profile,a1-electrical-services-welling.html,a1-electrical-services-welling.json
37,KADRIEN ELECTRICAL LTD,London,Greenwich,Electrician,WARM,36,46,30,29,36,44,23,43,20–31,Yes,https://www.kadrienelectrical.co.uk/,,+44 7984 143933,"11 Grimwade Cl, London, SE15 3HN, United Kingdom",SEO Optimisation + Mobile Upgrade + Google Business Profile,kadrien-electrical-ltd.html,kadrien-electrical-ltd.json
38,Lewisham Electrician Pros,London,Woolwich,Electrician,WARM,35,36,40,19,40,39,37,30,12–19,Yes,https://www.thelewishamelectrician.co.uk/,,+44 20 8059 2675,"94 Lewisham Hill, Blackheath, London, SE13 7EL, United Kingdom",SEO Optimisation + Mobile Upgrade + Google Business Profile,lewisham-electrician-pros.html,lewisham-electrician-pros.json
39,Selkent Electrical Ltd,London,Greenwich,Electrician,WARM,53,61,59,47,41,52,47,59,8–18,Yes,https://selkentelectrical.co.uk/,,+44 7796 363944,"54 Prince John Rd, London, SE9 6QA, United Kingdom",Local SEO + AI Discoverability + Lead Generation,selkent-electrical-ltd.html,selkent-electrical-ltd.json
40,Alb-Electric,London,Greenwich,Electrician,HOT,21,31,18,11,29,10,22,12,15–26,Yes,https://alb-electric.co.uk/,,+44 7918 666792,"20 Birkdale Rd, London, SE2 9HX, United Kingdom",Website Redesign + AI Automation + SEO Overhaul,alb-electric.html,alb-electric.json
41,Ben Installation Electrical contractor,London,Greenwich,Electrician,WARM,32,32,41,21,29,33,33,10,11–25,Yes,https://www.beninstallation.net/,,+44 7399 647119,"163 Trafalgar Rd, London, SE10 9TX, United Kingdom",SEO Optimisation + Mobile Upgrade + Google Business Profile,ben-installation-electrical-contractor.html,ben-installation-electrical-contractor.json
42,T Phase Ltd,London,Greenwich,Electrician,WARM,34,40,36,26,31,30,37,23,18–29,Yes,https://tphase.co.uk/,,+44 20 3967 3041,"Second Floor, 15 Montpelier Vale, Blackheath, London SE3 0TA, United Kingdom",SEO Optimisation + Mobile Upgrade + Google Business Profile,t-phase-ltd.html,t-phase-ltd.json
43,London Electricians Direct,London,London,Electrician,WARM,33,32,36,27,31,44,27,41,12–25,Yes,https://www.londonelectriciansdirect.co.uk/,,+44 20 3794 7000,"48 Farringdon St, London, EC4A 4LL, United Kingdom",SEO Optimisation + Mobile Upgrade + Google Business Profile,london-electricians-direct.html,london-electricians-direct.json
44,ShineTech Electrical Services,London,Greenwich,Electrician,WARM,50,49,46,39,52,60,57,45,10–15,Yes,https://www.shinetech.co.uk/,,+44 20 8317 4933,"Duke House, 15 Seymour St, Royal Arsenal, London SE18 6SX, United Kingdom",Local SEO + AI Discoverability + Lead Generation,shinetech-electrical-services.html,shinetech-electrical-services.json
45,rbc electricians,Loughton,Chigwell,Electrician,HOT,22,24,24,18,29,23,10,21,14–22,Yes,http://www.rbcelectricians.co.uk/,,+44 7572 256444,"120 Smarts Ln, Loughton, IG10 4BS, United Kingdom",Website Redesign + AI Automation + SEO Overhaul,rbc-electricians.html,rbc-electricians.json
46,Grovebell Electrical - Electricians,London,London,Electrician,WARM,48,54,56,32,41,49,47,43,10–21,Yes,https://grovebellelectrical.com/,,+44 20 7209 8137,"58 Stafford Rd, London, NW6 5YY, United Kingdom",Local SEO + AI Discoverability + Lead Generation,grovebell-electrical-electricians.html,grovebell-electrical-electricians.json
47,The Brentwood House Rewire Electrician,Brentwood,Brentwood,Electrician,HOT,19,19,10,19,25,20,24,16,26–41,Yes,https://thebrentwoodelectrician.co.uk/,,+44 7418 351143,"16a Crown St, Brentwood, CM14 4AN, United Kingdom",Website Redesign + AI Automation + SEO Overhaul,the-brentwood-house-rewire-electrician.html,the-brentwood-house-rewire-electrician.json
48,"Electrical Installation House Rewire, Brentwood",Brentwood,Brentwood,Electrician,HOT,19,24,23,13,19,13,12,15,26–43,Yes,https://brentwoodelectrician.uk/,,07418 356424,"1, 11A Ingrave Rd, Brentwood CM15 8AP",Website Redesign + AI Automation + SEO Overhaul,electrical-installation-house-rewire-brentwood.html,electrical-installation-house-rewire-brentwood.json
49,DB Electrical Experts,London,Brentwood,Electrician,WARM,28,38,24,21,20,35,23,27,14–23,Yes,https://dbelectricalexperts.co.uk/,,077 07491444,"London, UK",SEO Optimisation + Mobile Upgrade + Google Business Profile,db-electrical-experts.html,db-electrical-experts.json
50,Walkers Electrical Solutions Ltd,Brentwood,Brentwood,Electrician,WARM,54,61,44,43,60,61,52,41,7–14,Yes,https://www.walkerselectricalsolutions.co.uk/,walkerselectricalsolutions7@gmail.com,01277 295 059,,Local SEO + AI Discoverability + Lead Generation,walkers-electrical-solutions-ltd.html,walkers-electrical-solutions-ltd.json
51,SJ Connolly Electrical,Brentwood,Brentwood,Electrician,WARM,52,55,50,36,60,63,47,44,12–21,Yes,https://www.sjconnollyelectrical.com/,info@sjconnollyelectrical.com,"07517741012, 02082795846",,Local SEO + AI Discoverability + Lead Generation,sj-connolly-electrical.html,sj-connolly-electrical.json
52,TM Hughes Electrical,Brentwood,Brentwood,Electrician,LOW,65,82,55,43,59,74,69,106,7–14,Yes,https://tmhugheselectrical.co.uk/,info@tmhugheselectrical.co.uk,01277 801560,,Lead Generation + Conversion Rate Optimisation,tm-hughes-electrical.html,tm-hughes-electrical.json
53,THS Electrical Services,Brentwood,Brentwood,Electrician,LOW,67,71,64,53,63,75,76,59,6–13,Yes,http://www.ths-electrical.co.uk/,,07307 203857,Dagenham RM8 3AR,Lead Generation + Conversion Rate Optimisation,ths-electrical-services.html,ths-electrical-services.json
54,A Walsh Electrical,Chigwell,Chigwell,Electrician,WARM,38,48,37,30,32,40,33,31,19–27,Yes,https://awalshelectrical.co.uk/,,+44 7973 781349,"85 Russell Rd, Buckhurst Hill, IG9 5QF, United Kingdom",SEO Optimisation + Mobile Upgrade + Google Business Profile,a-walsh-electrical.html,a-walsh-electrical.json
55,AKK Electrical Services LTD,London,London,Electrician,WARM,50,50,51,40,54,63,40,39,12–22,Yes,https://akkelectricalservices.com/,,+44 330 043 3083,"86-90 Paul St, London, EC2A 4NE, United Kingdom",Local SEO + AI Discoverability + Lead Generation,akk-electrical-services-ltd.html,akk-electrical-services-ltd.json
56,TNS Electrical Solutions,London,London,Electrician,WARM,46,47,56,31,50,45,40,29,12–20,Yes,https://tnssolutions.co.uk/,,+44 20 3715 2919,"445 Sulivan Ct, Peterborough Rd, London SW6 3BX, United Kingdom",Local SEO + AI Discoverability + Lead Generation,tns-electrical-solutions.html,tns-electrical-solutions.json
57,Mayday Electrical,London,London,Electrician,WARM,34,37,24,23,38,48,34,28,17–25,Yes,https://maydayelectrical.co.uk/,,+44 7841 979938,"222E Ladbroke Grove, London, W10 5LT, United Kingdom",SEO Optimisation + Mobile Upgrade + Google Business Profile,mayday-electrical.html,mayday-electrical.json
58,"AM Electrical Installation Rewiring, Hornchurch",Hornchurch,Upminster,Electrician,HOT,19,24,10,10,27,24,19,22,27–37,Yes,https://electricianhornchurch.co.uk/,,07418 356430,"9, 99 Appleton Way, Hornchurch RM12 4XY",Website Redesign + AI Automation + SEO Overhaul,am-electrical-installation-rewiring-hornchurch.html,am-electrical-installation-rewiring-hornchurch.json
59,Precision Electrical,London,London,Electrician,WARM,49,61,45,37,45,50,53,18,9–17,Yes,https://precision-electrical.co.uk/,,+44 20 3442 9797,"4th Floor, Precision Electrical, Silverstream House, 45 Fitzroy St, London W1T 6EB, United Kingdom",Local SEO + AI Discoverability + Lead Generation,precision-electrical.html,precision-electrical.json
60,Wood Electrical,London,London,Electrician,WARM,51,63,41,41,43,61,51,29,10–19,Yes,https://woodelectrical.uk/,,+44 20 8012 8258,"3rd Floor, 207 Regent St., London W1B 3HH, United Kingdom",Local SEO + AI Discoverability + Lead Generation,wood-electrical.html,wood-electrical.json
61,SR Electrical Services,Upminster,Upminster,Electrician,HOT,19,26,15,8,13,26,20,13,16–32,Yes,https://www.electricalservices-sr.co.uk/,electricalservicessr@gmail.com,"07852151313, 07834715761",,Website Redesign + AI Automation + SEO Overhaul,sr-electrical-services.html,sr-electrical-services.json
62,Tony Brooks Electrics,Upminster,Upminster,Electrician,HOT,21,31,19,11,20,21,21,16,21–29,Yes,https://www.tbelectrics.co.uk/,tony@tbelectrics.co.uk,"01708 224151, 07779 665797",,Website Redesign + AI Automation + SEO Overhaul,tony-brooks-electrics.html,tony-brooks-electrics.json
63,RCD Electrical LTD,London,London,Electrician,WARM,34,35,34,19,41,48,26,19,14–24,Yes,https://rcdelectrician.co.uk/,,+44 20 3488 2928,"13 St Bride St, London, EC4A 4AS, United Kingdom",SEO Optimisation + Mobile Upgrade + Google Business Profile,rcd-electrical-ltd.html,rcd-electrical-ltd.json
64,ISL ELECTRICAL,London,London,Electrician,WARM,30,39,26,25,27,30,25,33,15–23,Yes,https://islelectricalcontractors.godaddysites.com/,,+44 7946 590593,"12 Packington Square, London, N1 7FX, United Kingdom",SEO Optimisation + Mobile Upgrade + Google Business Profile,isl-electrical.html,isl-electrical.json
65,Hornchurch Electrician,Upminster,Upminster,Electrician,WARM,26,34,23,24,20,29,23,18,19–33,Yes,https://hornchurchelectrician.com/,info@hornchurchelectrician.com,07466 495 875,,SEO Optimisation + Mobile Upgrade + Google Business Profile,hornchurch-electrician.html,hornchurch-electrician.json
66,A Windmill Electrics Ltd.,London,London,Electrician,WARM,35,37,38,25,30,49,25,41,11–24,Yes,https://www.windlecs.co.uk/,,+44 20 7376 5504,"63, 56 Gloucester Rd, South Kensington, London SW7 4UB, United Kingdom",SEO Optimisation + Mobile Upgrade + Google Business Profile,a-windmill-electrics-ltd.html,a-windmill-electrics-ltd.json
67,AM.PS Electrical Contractors Ltd,London,London,Electrician,WARM,35,35,33,29,36,43,31,33,13–20,Yes,https://www.ampselecltd.com/,,+44 20 4599 4619,"THE BISCUIT FACTORY, Business Complex, Unit 210 Almond Studios, 100 Drummond Rd, London SE16 4DG, United Kingdom",SEO Optimisation + Mobile Upgrade + Google Business Profile,am-ps-electrical-contractors-ltd.html,am-ps-electrical-contractors-ltd.json
68,VCO Lewisham Electricians,London,Woolwich,Electrician,WARM,54,61,57,40,53,56,47,44,6–11,Yes,https://www.vcolewishamelectrician.co.uk/,,+44 800 910 1397,"2 Kingswood Pl, Blackheath, London, SE13 5BU, United Kingdom",Local SEO + AI Discoverability + Lead Generation,vco-lewisham-electricians.html,vco-lewisham-electricians.json
69,Cardwell Electrical London,London,Greenwich,Electrician,WARM,35,46,27,20,38,45,27,13,16–26,Yes,https://www.cardwellelectricallondon.com/,,+44 7500 006604,"39 Cliffview Rd, London, SE13 7DB, United Kingdom",SEO Optimisation + Mobile Upgrade + Google Business Profile,cardwell-electrical-london.html,cardwell-electrical-london.json
70,Hydra Install (Go-Electrix),Brentwood,EVCP Installers,EV Charger Installer,LOW,69,75,56,67,75,69,71,26,6–13,Yes,hydrainstall.co.uk,,,"Chelmsford, Harlow, Basildon, Brentwood – Essex",Lead Generation + Conversion Rate Optimisation,hydra-install-go-electrix.html,hydra-install-go-electrix.json
71,ABM Electrical,Erith,Dartford,Electrician,HOT,22,37,14,20,16,16,23,5,27–37,Yes,https://abmelectrical.uk/,,+44 7956 841447,"Alderney Rd, Slade Green, Erith DA8 2JD, United Kingdom",Website Redesign + AI Automation + SEO Overhaul,abm-electrical.html,abm-electrical.json
72,EV Enabled,London,EVCP Installers,EV Charger Installer,LOW,71,79,75,47,71,78,65,29,4–11,Yes,evenabled.co.uk,,,Kent & South East London,Lead Generation + Conversion Rate Optimisation,ev-enabled.html,ev-enabled.json
73,J White Electrical,Dartford,Dartford,Electrician,WARM,34,42,34,15,44,33,30,14,17–30,Yes,http://www.jp-white-electrical.co.uk/,,+44 7502 400062,"7 Tynedale Cl, Dartford, DA2 6LL, United Kingdom",SEO Optimisation + Mobile Upgrade + Google Business Profile,j-white-electrical.html,j-white-electrical.json
74,O‚ÄôBriens Electrical Ltd,Dartford,Dartford,Electrician,WARM,27,33,30,15,27,27,20,17,13–19,Yes,https://obrienselectrical.co.uk/,,441322630774,"Unit 68, The Malt House, Old Bexley Business Park, 19 Bourne Road, Bexley, Kent DA5 1LR",SEO Optimisation + Mobile Upgrade + Google Business Profile,o-briens-electrical-ltd.html,o-briens-electrical-ltd.json
75,EV Charging Systems,Brentwood,EVCP Installers,EV Charger Installer,LOW,69,65,70,63,77,72,70,43,4–10,Yes,evchargingsystems.co.uk,,,"Basildon, Brentwood, Chelmsford, Harlow – Essex",Lead Generation + Conversion Rate Optimisation,ev-charging-systems.html,ev-charging-systems.json
76,Intelectrical Solutions ltd,Dartford,Dartford,Electrician,WARM,29,31,29,20,23,44,20,38,16–22,Yes,https://intelectricalsolutions.com/,,+44 7415 661788,"64 Russell Cl, Bexleyheath, DA7 4HX, United Kingdom",SEO Optimisation + Mobile Upgrade + Google Business Profile,intelectrical-solutions-ltd.html,intelectrical-solutions-ltd.json
77,GCL Electrical Contractors,London,Dartford,Electrician,WARM,35,48,28,16,33,45,29,40,11–25,Yes,https://www.gclelectrical.co.uk/,,+44 1322 947200,"Unit 9, City Arms House, 125-127 London Rd, Stone, Dartford DA2 6BH, United Kingdom",SEO Optimisation + Mobile Upgrade + Google Business Profile,gcl-electrical-contractors.html,gcl-electrical-contractors.json
78,Emergency Electrician Electrical Contractor Bexley,Dartford,Dartford,Electrician,WARM,29,33,27,20,22,45,20,18,16–23,Yes,https://electricalcontractorsbexley.co.uk/,,+44 20 3670 4025,"23 Bourne Rd, Bexley, DA5 1LW, United Kingdom",SEO Optimisation + Mobile Upgrade + Google Business Profile,emergency-electrician-electrical-contractor-bexley.html,emergency-electrician-electrical-contractor-bexley.json
79,SJ Supplies Limited,Dartford,Dartford,Electrician,WARM,41,47,41,26,44,44,38,43,18–24,Yes,https://www.sjsupplies.co.uk/,,01322 842992,"12 Hatherley Road, Sidcup Kent DA14 4DT",SEO Optimisation + Mobile Upgrade + Google Business Profile,sj-supplies-limited.html,sj-supplies-limited.json
80,SED EV Charging,London,EVCP Installers,EV Charger Installer,LOW,61,62,58,43,60,85,56,101,7–10,Yes,sedevcharging.co.uk,,,"London, Kent, Surrey, Sussex (Tesla approved)",Lead Generation + Conversion Rate Optimisation,sed-ev-charging.html,sed-ev-charging.json
81,Cord EV,London,EVCP Installers,EV Charger Installer,LOW,65,79,70,50,55,63,56,78,3–8,Yes,cord-ev.com,,,"London – Barking, Romford, Ilford, Dagenham, Brentwood",Lead Generation + Conversion Rate Optimisation,cord-ev.html,cord-ev.json
82,Current Direction Electrical Services,Dartford,Dartford,Electrician,WARM,36,49,22,29,33,48,27,34,15–24,Yes,https://www.currentdirection.com/,,+44 800 975 8673,"Unit 29, Optima Park, Dartford DA1 4QX, United Kingdom",SEO Optimisation + Mobile Upgrade + Google Business Profile,current-direction-electrical-services.html,current-direction-electrical-services.json
83,Electricians Dartford,London,Dartford,Electrician,WARM,31,34,34,24,22,46,22,27,11–24,Yes,https://myelectriciandartford.co.uk/,,+44 1322 902361,"City Arms House, 125-127 London Rd, Stone, Dartford DA2 6BH, United Kingdom",SEO Optimisation + Mobile Upgrade + Google Business Profile,electricians-dartford.html,electricians-dartford.json
84,Imperium Group,Loughton,Chigwell,Electrician,WARM,49,52,38,47,56,51,53,21,10–16,Yes,https://www.imperiumgroupuk.com/,,+44 20 8749 1222,"Suite 1 Langston Rd, Loughton, IG10 3TS, United Kingdom",Local SEO + AI Discoverability + Lead Generation,imperium-group.html,imperium-group.json
85,Oaktree Electrical,Dartford,Dartford,Electrician,WARM,52,57,55,28,51,59,56,15,13–23,Yes,http://www.oaktree-electrical.co.uk/,,441322552888,"Dartford, Kent, United Kingdom",Local SEO + AI Discoverability + Lead Generation,oaktree-electrical.html,oaktree-electrical.json
86,Positive Contractors Ltd,Chigwell,Chigwell,Electrician,WARM,49,54,49,32,54,52,48,27,11–16,Yes,https://www.positivecontractors.co.uk/,,+44 20 8227 0035,"113 Lambourne Rd, Chigwell, IG7 6EN, United Kingdom",Local SEO + AI Discoverability + Lead Generation,positive-contractors-ltd.html,positive-contractors-ltd.json
87,Certified Electricians London,London,EVCP Installers,EV Charger Installer,LOW,67,65,66,55,76,70,70,31,5–10,Yes,certifiedelectricians.london,,,East & South East London,Lead Generation + Conversion Rate Optimisation,certified-electricians-london.html,certified-electricians-london.json
88,Pro EV,London,EVCP Installers,EV Charger Installer,LOW,68,81,64,52,80,62,61,60,6–10,Yes,proev.co.uk,,,Essex & London (nationwide),Lead Generation + Conversion Rate Optimisation,pro-ev.html,pro-ev.json
89,Stead Electrical Services Ltd,Dartford,Dartford,Electrician,WARM,54,60,53,34,55,64,51,42,12–18,Yes,https://steadelectrical.co.uk/,"office@steadelectrical.co.uk, info@steadelectrical.co.uk",01322 633 611,,Local SEO + AI Discoverability + Lead Generation,stead-electrical-services-ltd.html,stead-electrical-services-ltd.json
90,Green Electrical,London,EVCP Installers,EV Charger Installer,LOW,71,71,70,59,78,84,61,55,6–12,Yes,greenelectrical-ev.co.uk,,,London & surrounding areas,Lead Generation + Conversion Rate Optimisation,green-electrical.html,green-electrical.json
91,Greenhithe Electrical Services (GES) - NICEIC,Dartford,Dartford,Electrician,HOT,19,27,24,9,16,13,16,24,20–32,Yes,https://www.ges247.co.uk/,,+44 1322 941068,"36, Pearson Way Questor, Questor, Dartford DA1 1JN, United Kingdom",Website Redesign + AI Automation + SEO Overhaul,greenhithe-electrical-services-ges-niceic.html,greenhithe-electrical-services-ges-niceic.json
92,Bliss Eco Energy,London,EVCP Installers,EV Charger Installer,LOW,66,67,55,65,81,64,70,36,6–12,Yes,bliss-ecoenergy.com,,,"Essex, London & South East",Lead Generation + Conversion Rate Optimisation,bliss-eco-energy.html,bliss-eco-energy.json
93,Triform Electrical Ltd,Dartford,Dartford,Electrician,HOT,20,28,20,12,12,25,14,2,21–36,Yes,http://www.triformelectrical.co.uk/,,+44 20 3154 9363,"Unit 1, Dartford, DA1 4RQ, United Kingdom",Website Redesign + AI Automation + SEO Overhaul,triform-electrical-ltd.html,triform-electrical-ltd.json
94,Oakley Electrical Services,Woolwich,EVCP Installers,EV Charger Installer,LOW,70,65,77,50,72,87,72,101,5–10,Yes,oakleyelectricalservices.co.uk,,,"Bexley, Dartford, Woolwich",Lead Generation + Conversion Rate Optimisation,oakley-electrical-services.html,oakley-electrical-services.json
95,OJF Electrical,Essex,EVCP Installers,EV Charger Installer,LOW,68,64,66,64,70,77,72,40,5–8,Yes,ojfelectrical.co.uk,,,"Chelmsford, Essex",Lead Generation + Conversion Rate Optimisation,ojf-electrical.html,ojf-electrical.json
96,EV Electrical,Essex,EVCP Installers,EV Charger Installer,LOW,68,83,69,43,58,75,70,29,6–10,Yes,ev-electrical.com,,,"Dunmow, Essex",Lead Generation + Conversion Rate Optimisation,,ev-electrical.json
97,waEV-charge,London,EVCP Installers,EV Charger Installer,LOW,62,64,59,43,76,67,66,89,3–10,Yes,waevcharge.co.uk,,,Greater London (nationwide),Lead Generation + Conversion Rate Optimisation,,waev-charge.json
98,Clayden Electrical,London,Chigwell,Electrician,WARM,33,40,40,15,37,30,28,31,15–25,Yes,https://www.claydenelectrical.co.uk/,,+44 7719 705138,"108 Epping Way, London, E4 7PG, United Kingdom",SEO Optimisation + Mobile Upgrade + Google Business Profile,clayden-electrical.html,clayden-electrical.json
99,PD Electrical London Limited - NICEIC Approved Contractor,London,Chigwell,Electrician,WARM,31,30,23,24,29,46,36,21,12–20,Yes,https://www.pd-electrical.co.uk/,,+44 7932 720982,"2 Bernwell Rd, London, E4 6HY, United Kingdom",SEO Optimisation + Mobile Upgrade + Google Business Profile,pd-electrical-london-limited-niceic-approved-contr.html,pd-electrical-london-limited-niceic-approved-contr.json
100,Beales Electrical,Loughton,Chigwell,Electrician,WARM,32,43,24,30,37,27,23,24,21–27,Yes,https://beales-electrical.co.uk/,,+44 20 8133 1234,"Smarts Ln, Loughton, IG10 4BU, United Kingdom",SEO Optimisation + Mobile Upgrade + Google Business Profile,beales-electrical.html,beales-electrical.json
101,Future Smart Electrical & Renewables Ltd,Essex,Chigwell,Electrician,WARM,30,38,31,16,23,36,28,42,18–28,Yes,https://futuresmartelectrical.co.uk/,,01245 526296,"Ingatestone, Essex",SEO Optimisation + Mobile Upgrade + Google Business Profile,future-smart-electrical-renewables-ltd.html,future-smart-electrical-renewables-ltd.json
102,Dan Harler Electrical,Chigwell,Chigwell,Electrician,WARM,35,43,33,21,37,39,30,29,17–26,Yes,http://www.danharlerelectrical.co.uk/,,+44 7876 473819,"59 Abbotsford Gardens, Woodford, Woodford Green IG8 9HP, United Kingdom",SEO Optimisation + Mobile Upgrade + Google Business Profile,dan-harler-electrical.html,dan-harler-electrical.json
103,Elecology,London,EVCP Installers,EV Charger Installer,LOW,66,70,70,49,75,65,65,61,6–12,Yes,elecology.com,,,"Eastern, South East, East Midlands, Greater London",Lead Generation + Conversion Rate Optimisation,,elecology.json
104,Smart Home Charge,London,EVCP Installers,EV Charger Installer,LOW,67,76,55,42,69,85,74,54,3–10,Yes,smarthomecharge.co.uk,,,East London & Essex (nationwide),Lead Generation + Conversion Rate Optimisation,,smart-home-charge.json
105,EV Charge Installer Greenwich,Greenwich,EVCP Installers,EV Charger Installer,LOW,64,69,57,47,66,72,75,83,5–12,Yes,evchargeinstallergreenwich.co.uk,,,"Greenwich, Woolwich, Dartford, Bexleyheath",Lead Generation + Conversion Rate Optimisation,,ev-charge-installer-greenwich.json
106,Electricians Chigwell Row,Chigwell,Chigwell,Electrician,WARM,51,60,57,40,42,50,49,15,10–19,Yes,https://chigwell-row-electricians.co.uk/,,020 8166 9967,"Chigwell Row, Chigwell, IG7",Local SEO + AI Discoverability + Lead Generation,,electricians-chigwell-row.json
107,Essex Vehicle Charging,Essex,EVCP Installers,EV Charger Installer,LOW,72,82,63,51,78,85,72,45,3–9,Yes,essexvehiclecharging.com,,,Essex,Lead Generation + Conversion Rate Optimisation,,essex-vehicle-charging.json
108,EMR Electrical Services,London,EVCP Installers,EV Charger Installer,LOW,64,68,59,56,60,77,66,51,3–9,Yes,emr-electrical.co.uk,,,London area,Lead Generation + Conversion Rate Optimisation,,emr-electrical-services.json
109,Intelli EV,Erith,EVCP Installers,EV Charger Installer,LOW,63,64,61,46,76,66,63,106,7–13,Yes,intelliev.uk,,,"Bexley, Barnehurst, Erith",Lead Generation + Conversion Rate Optimisation,,intelli-ev.json
110,EVC Installs,Greenwich,EVCP Installers,EV Charger Installer,LOW,65,66,59,59,79,72,56,29,4–8,Yes,evcinstalls.co.uk,,,"Kent, Bexley, Dartford, Greenwich",Lead Generation + Conversion Rate Optimisation,,evc-installs.json
111,EV Chargers Essex,Essex,EVCP Installers,EV Charger Installer,LOW,72,81,75,62,61,83,56,62,4–7,Yes,evchargeressex.co.uk,,,"Southend-on-Sea, Essex",Lead Generation + Conversion Rate Optimisation,,ev-chargers-essex.json
112,Earth Electrical,London,EVCP Installers,EV Charger Installer,LOW,68,71,68,61,67,78,61,91,3–9,Yes,earthelectrical.tech,,,"London – Havering, Barking, Dagenham, Redbridge",Lead Generation + Conversion Rate Optimisation,,earth-electrical.json
113,BM SPARKS,Dartford,Dartford,Electrician,HOT,12,14,13,9,11,6,15,9,32–51,No,,info@bmsparks.co.uk,020 8090 5381,"155 Northover, Bromley BR1 5JU",Website Build + Google Business Profile + Local SEO,,bm-sparks.json
114,D and T Electrical Services,Upminster,Upminster,Electrician,WARM,35,48,28,24,41,36,20,18,19–30,Yes,https://dandtelectrical.uk/,,+44 7359 390929,,SEO Optimisation + Mobile Upgrade + Google Business Profile,,d-and-t-electrical-services.json
115,IC Electrical Services,Romford,Upminster,Electrician,HOT,8,12,6,3,14,0,8,10,31–44,No,,info@icelectricaluk.com,07736 681 498,"20 Crossways, Gidea Park, Romford, Essex RM2 6AL",Website Build + Google Business Profile + Local SEO,,ic-electrical-services.json
116,Kensington Electrical,London,London,Electrician,WARM,31,30,35,27,20,48,22,22,18–28,Yes,https://www.safespark.co.uk/,,+44 7940 950510,,SEO Optimisation + Mobile Upgrade + Google Business Profile,,kensington-electrical.json
117,EICR Cert Limited,Upminster,Upminster,Electrician,HOT,12,16,7,6,27,3,12,11,25–38,No,,admin@eicrcert.co.uk,+441480776288,26 Marshalls Road RM7 7ED,Website Build + Google Business Profile + Local SEO,,eicr-cert-limited.json
118,NND Gas & Electrical Ltd,London,London,Electrician,HOT,21,34,17,11,15,28,11,6,24–36,Yes,https://nndltd.co.uk/,,07568 533676,,Website Redesign + AI Automation + SEO Overhaul,,nnd-gas-electrical-ltd.json
119,Elsworth Electrical Services LTD,Chigwell,Chigwell,Electrician,HOT,11,8,17,12,19,5,5,0,32–44,No,,daniel@elsworthelectrical.com,07837399854,Office - Fairlop,Website Build + Google Business Profile + Local SEO,,elsworth-electrical-services-ltd.json
120,Able Group,Dartford,Dartford,Electrician,WARM,50,46,58,33,54,60,47,17,10–16,Yes,https://www.able-group.co.uk/,,01322 720 341,,Local SEO + AI Discoverability + Lead Generation,,able-group.json
121,Prime Electrical Services Group,Greenwich,Greenwich,Electrician,WARM,52,57,44,37,61,55,55,42,10–21,Yes,https://www.primeelectrical-sg.co.uk/,,07732012159,,Local SEO + AI Discoverability + Lead Generation,,prime-electrical-services-group.json
122,Royal Docks Electrical,London,Woolwich,Electrician,HOT,9,8,9,7,16,1,13,9,19–33,No,,info@RoyalDocksElectrical.com,020 7473 7807,"Royal Docks Electrical Ltd, 13 Western Gateway, London, E16 1AJ",Website Build + Google Business Profile + Local SEO,,royal-docks-electrical.json
123,CB2 Electrical,Woolwich,Woolwich,Electrician,HOT,13,20,7,8,25,7,6,7,31–41,No,,info@cb2electrical.com,+442039166282,"2 Elsa Rd, Welling DA16 1LA",Website Build + Google Business Profile + Local SEO,,cb2-electrical.json
124,JWK Electrical,London,London,Electrician,HOT,12,8,16,6,24,6,11,0,29–37,No,,procurement@jwke.co.uk,01892 662 756,"JWK Electrical Limited, Suite J, Priory Park, Beech Green Lane, Withyham, East Sussex, TN7 4DB",Website Build + Google Business Profile + Local SEO,,jwk-electrical.json
125,Dartford electrical services,Dartford,Dartford,Electrician,WARM,32,46,35,19,20,33,32,25,20–34,Yes,https://sites.google.com/view/dartfordelectricalservices/home,,01322 466931,,SEO Optimisation + Mobile Upgrade + Google Business Profile,,dartford-electrical-services.json
126,AZ Electrical,London,Chigwell,Electrician,HOT,11,18,5,14,10,2,13,6,29–40,No,,contact@az-electrical.co.uk,+447508885484,"Registered Address: 100 Carr Street, London, E14 7SU",Website Build + Google Business Profile + Local SEO,,az-electrical.json
127,Brenbar Electrical Services Ltd,Romford,Brentwood,Electrician,HOT,11,9,9,13,20,7,13,11,22–37,No,,info@brenbarelectrical.co.uk,01708 381110,"18 Falcon Business Centre, Romford RM3 8UR",Website Build + Google Business Profile + Local SEO,,brenbar-electrical-services-ltd.json
128,Bryden Electrical Ltd,Brentwood,Brentwood,Electrician,HOT,10,15,8,6,14,3,8,8,30–39,No,,info@brydenelectricalltd.co.uk,07999 290802,"143 Chignal Road, Chelmsford CM1 2JD",Website Build + Google Business Profile + Local SEO,,bryden-electrical-ltd.json
129,Eol Maintenance Services,Chigwell,Chigwell,Electrician,WARM,35,42,31,31,36,38,30,30,16–29,Yes,https://www.electricianoflondon.co.uk/,,+44 20 8252 9789,,SEO Optimisation + Mobile Upgrade + Google Business Profile,,eol-maintenance-services.json
130,FBS Electrical Ltd,London,London,Electrician,HOT,12,16,12,7,17,5,10,2,22–38,No,,info@fbselectrical.co.uk,020 8133 3459,"86-90 Paul Street, London EC2A 4NE",Website Build + Google Business Profile + Local SEO,,fbs-electrical-ltd.json
131,JK Electrical Ltd,Brentwood,Brentwood,Electrician,HOT,9,11,5,8,18,4,12,2,27–44,No,,admin@jkelectricalltd.com,07817140139,"Brentwood, Essex",Website Build + Google Business Profile + Local SEO,,jk-electrical-ltd.json
132,MGS Builders,London,London,Electrician,LOW,68,77,69,56,62,71,63,107,6–9,Yes,http://www.mgbuild.net/,,,London,Lead Generation + Conversion Rate Optimisation,,mgs-builders.json
133,Sol-lux Electrical,London,London,Electrician,HOT,13,15,15,13,20,2,10,3,26–41,No,,,+447360540492,London,Website Build + Google Business Profile + Local SEO,,sol-lux-electrical.json
134,Brentwood Electrical Contractors,Brentwood,Brentwood,Electrician,HOT,11,9,13,5,25,9,7,4,34–44,No,,,+441277216121,"5 ST. James Road, Brentwood, Essex, United Kingdom",Website Build + Google Business Profile + Local SEO,,brentwood-electrical-contractors.json
135,Double Lively Electrical,Essex,Brentwood,Electrician,HOT,9,9,8,9,17,2,10,9,33–41,No,,,07307 263040,"Wickford, Essex SS12 0ET",Website Build + Google Business Profile + Local SEO,,double-lively-electrical.json
136,JAE Electrical Ltd,Hornchurch,Brentwood,Electrician,HOT,12,13,16,13,13,5,12,8,27–35,No,,,07307 291505,"Hornchurch, Essex RM12 4LW",Website Build + Google Business Profile + Local SEO,,jae-electrical-ltd.json
137,Con-fused Electrical Limited,Romford,Brentwood,Electrician,HOT,14,15,16,5,27,3,14,6,24–33,No,,,07307 208784,Romford RM1 1AA,Website Build + Google Business Profile + Local SEO,,con-fused-electrical-limited.json
138,Essex Electrical Solutions Ltd,Essex,Brentwood,Electrician,HOT,11,9,12,3,19,9,13,7,20–35,No,,,07307 245829,"Basildon, Essex SS14 3GU",Website Build + Google Business Profile + Local SEO,,essex-electrical-solutions-ltd.json
139,Mead Electrical Services Ltd,Essex,Brentwood,Electrician,HOT,10,14,11,5,16,0,10,8,27–35,No,,,07307 203066,"Ingatestone, Essex CM4 0AT",Website Build + Google Business Profile + Local SEO,,mead-electrical-services-ltd.json
140,MBM Electrical Services Ltd,Romford,Brentwood,Electrician,HOT,12,17,10,5,24,2,7,5,34–47,No,,,07307 247508,Romford RM1 4XA,Website Build + Google Business Profile + Local SEO,,mbm-electrical-services-ltd.json
141,EPHD Services Ltd,Essex,Brentwood,Electrician,HOT,10,13,8,14,11,8,7,11,20–31,No,,,07307 205928,"Billericay, Essex CM11 2YG",Website Build + Google Business Profile + Local SEO,,ephd-services-ltd.json
142,KJF Electrical Limited,Essex,Brentwood,Electrician,HOT,13,16,12,5,26,4,10,0,18–34,No,,,07307 201175,"Billericay, Essex CM11 2PJ",Website Build + Google Business Profile + Local SEO,,kjf-electrical-limited.json
143,General Engineering Centre,Woolwich,Woolwich,Electrician,WARM,51,56,58,32,53,49,54,16,6–13,Yes,http://www.generalengineeringcentre.com/,,,We serve Woolwich,Local SEO + AI Discoverability + Lead Generation,,general-engineering-centre.json
144,URM (Urgent Repairs & Maintenance) Org,Woolwich,Woolwich,Electrician,WARM,50,54,51,35,53,56,49,75,9–18,Yes,https://ephg.limited/24-hour-electrician.html,,,We serve Woolwich,Local SEO + AI Discoverability + Lead Generation,,urm-urgent-repairs-maintenance-org.json
145,Esm Property Maintenance,Woolwich,Woolwich,Electrician,LOW,63,68,69,49,56,68,66,98,6–12,Yes,https://www.esmpropertymaintenance.co.uk/,,,We serve Woolwich,Lead Generation + Conversion Rate Optimisation,,esm-property-maintenance.json
146,C A Wheeler,Woolwich,Woolwich,Electrician,LOW,69,69,75,57,67,78,69,55,3–9,Yes,http://www.cliffwheeler-electrician.com/,,,We serve Woolwich,Lead Generation + Conversion Rate Optimisation,,c-a-wheeler.json
147,T.TA Electrics,Woolwich,Woolwich,Electrician,LOW,68,74,74,53,66,72,65,102,7–14,Yes,http://www.ttaelectrics.co.uk/,,,We serve Woolwich,Lead Generation + Conversion Rate Optimisation,,t-ta-electrics.json
148,Scott Kyte,Woolwich,Woolwich,Electrician,WARM,31,47,24,20,26,30,33,7,17–25,Yes,https://www.scottkyteelectrical.co.uk/,,,We serve Woolwich,SEO Optimisation + Mobile Upgrade + Google Business Profile,,scott-kyte.json
149,Con-Fused - Electrical - Fire - Security. 24/7 Service.,Woolwich,Woolwich,Electrician,WARM,33,34,31,21,43,37,27,16,19–30,Yes,https://www.con-fused.co.uk/,,,We serve Woolwich,SEO Optimisation + Mobile Upgrade + Google Business Profile,,con-fused-electrical-fire-security-24-7-service.json
150,Al-Amin Electrical Contractor,Woolwich,Woolwich,Electrician,WARM,31,38,25,24,29,40,25,13,15–29,Yes,http://www.al-aminelectrical.co.uk/,,,We serve Woolwich,SEO Optimisation + Mobile Upgrade + Google Business Profile,,al-amin-electrical-contractor.json
151,Electrical Services Woolwich,London,Woolwich,Electrician,HOT,13,21,6,5,21,9,16,2,28–39,No,,,+442036703241,"Unit 3b Cornwallis Rd, Royal Arsenal, London SE18 6SR, United Kingdom",Website Build + Google Business Profile + Local SEO,,electrical-services-woolwich.json
152,Bertrand Electrical Limited,Woolwich,Woolwich,Electrician,WARM,49,52,47,42,58,48,45,56,7–18,Yes,https://bertrandelectricallimited.godaddysites.com/,,,We serve Woolwich,Local SEO + AI Discoverability + Lead Generation,,bertrand-electrical-limited.json
153,"Woolwich Electricians - 24/7 Able,Electrical Services",Woolwich,Woolwich,Electrician,WARM,51,64,41,32,61,63,38,25,10–18,Yes,http://woolwich.able-electric.co.uk/,,,We serve Woolwich,Local SEO + AI Discoverability + Lead Generation,,woolwich-electricians-24-7-able-electrical-service.json
154,Handy Experts,Woolwich,Woolwich,Electrician,WARM,48,54,38,44,45,55,49,54,6–15,Yes,https://www.handyexperts.co.uk/electrical-services-v2,,,We serve Woolwich,Local SEO + AI Discoverability + Lead Generation,,handy-experts.json
155,Xpress Electricians -Woolwich,Woolwich,Woolwich,Electrician,WARM,49,52,53,45,42,47,55,20,11–17,Yes,http://www.electricianswoolwich.co.uk/,,,We serve Woolwich,Local SEO + AI Discoverability + Lead Generation,,xpress-electricians-woolwich.json
156,E H B E H Brown Ltd,Woolwich,Woolwich,Electrician,WARM,50,50,53,34,49,56,56,26,12–23,Yes,http://www.ehb-electricians.co.uk/,,,We serve Woolwich,Local SEO + AI Discoverability + Lead Generation,,e-h-b-e-h-brown-ltd.json
157,Responsible Electricians,Woolwich,Woolwich,Electrician,WARM,46,48,39,47,43,46,55,25,9–16,Yes,https://responsible-electricians.com/,,,We serve Woolwich,Local SEO + AI Discoverability + Lead Generation,,responsible-electricians.json
158,CGH Electrical Ltd,Woolwich,Woolwich,Electrician,WARM,46,46,46,46,46,47,42,45,13–24,Yes,https://www.cghelectricalnw.com/,,,We serve Woolwich,Local SEO + AI Discoverability + Lead Generation,,cgh-electrical-ltd.json
159,Cloudyelectrical,Woolwich,Woolwich,Electrician,LOW,70,79,67,55,81,63,70,119,7–14,Yes,http://www.cloudyelectrical.co.uk/,,,We serve Woolwich,Lead Generation + Conversion Rate Optimisation,,cloudyelectrical.json
160,M25 Electrical Contractors Ltd,Woolwich,Woolwich,Electrician,LOW,62,66,56,42,70,68,68,39,7–14,Yes,https://www.m25electricalcontractors.co.uk/,,,We serve Woolwich,Lead Generation + Conversion Rate Optimisation,,m25-electrical-contractors-ltd.json
161,SM Electrical Services,London,London,Electrician,HOT,13,14,12,12,24,1,14,0,30–48,No,,,+447367011186,London,Website Build + Google Business Profile + Local SEO,,sm-electrical-services.json
162,RHD Electrical Ltd,Romford,Upminster,Electrician,HOT,8,8,11,4,15,0,7,3,28–41,No,,,07307 208677,"Romford, RM2 5AH",Website Build + Google Business Profile + Local SEO,,rhd-electrical-ltd.json
163,BS Electrical Solutions Ltd,Upminster,Upminster,Electrician,HOT,14,21,17,3,20,5,8,11,24–38,No,,,07307 278961,"Dagenham, RM9 4HR",Website Build + Google Business Profile + Local SEO,,bs-electrical-solutions-ltd.json
164,Daniel Panfil,Essex,Upminster,Electrician,HOT,11,11,7,12,25,1,15,8,29–44,No,,,07863 789894,"Grays, Essex, RM16 4DH",Website Build + Google Business Profile + Local SEO,,daniel-panfil.json
165,EMF Wiring Solutions,Upminster,Upminster,Electrician,HOT,9,10,12,3,21,2,5,4,22–37,No,,,+441708909066,"14 Kennet Green, South Ockendon RM15 5RB, UK",Website Build + Google Business Profile + Local SEO,,emf-wiring-solutions.json
166,Sparky Jake Electrical Services,Upminster,Upminster,Electrician,HOT,12,15,9,4,23,4,15,5,25–38,No,,,07401 179963,"Belvedere, DA17 6EP",Website Build + Google Business Profile + Local SEO,,sparky-jake-electrical-services.json
167,M & K Electrical,Upminster,Upminster,Electrician,HOT,10,12,11,11,12,3,8,10,28–37,No,,info@mandkelectrical.co.uk,"01708 606077, 07545 370597",,Website Build + Google Business Profile + Local SEO,,m-k-electrical.json
168,Denham Electrical Contractors Ltd,Upminster,Upminster,Electrician,HOT,11,10,10,14,21,2,12,1,33–43,No,,steve@decltd.org,"07984 663712, 07940 156403",,Website Build + Google Business Profile + Local SEO,,denham-electrical-contractors-ltd.json
169,CCH Electrical Services,Upminster,Upminster,Electrician,HOT,13,18,17,7,15,9,7,7,29–41,No,,enquiries@cchelectricalservices.co.uk,+44 7768 223426,,Website Build + Google Business Profile + Local SEO,,cch-electrical-services.json
170,Ambient,London,London,Electrician,LOW,62,62,70,50,55,70,65,49,5–10,Yes,http://www.ambientelectrical.com/,,,"27g Throgmorton Street, London, EC2N 2AN",Lead Generation + Conversion Rate Optimisation,,ambient.json
171,Radke Electrical & Renewable Services,Upminster,EVCP Installers,EV Charger Installer,HOT,10,10,10,9,16,1,13,11,28–46,No,,,,Upminster area,Website Build + Google Business Profile + Local SEO,,radke-electrical-renewable-services.json
172,KA Contractors Ltd,London,London,Electrician,WARM,33,37,25,31,41,33,34,11,17–30,Yes,https://kacontractorsltd.co.uk/,,,"Office Suite 2, Newcom House, 125 Poplar High Street, London, E14 0AE",SEO Optimisation + Mobile Upgrade + Google Business Profile,,ka-contractors-ltd.json
173,SS Electrical,London,Chigwell,Electrician,HOT,11,19,11,6,16,1,9,3,26–45,No,,,07307 211702,"London, E17 5NU",Website Build + Google Business Profile + Local SEO,,ss-electrical.json
174,Certified Electricians London Ltd,London,Chigwell,Electrician,HOT,11,10,8,12,11,9,17,0,33–45,No,,,07307 206131,"London, E17 7LP",Website Build + Google Business Profile + Local SEO,,certified-electricians-london-ltd.json
175,Mark Sparks Electrical,London,London,Electrician,HOT,9,8,16,3,15,2,8,3,27–43,No,,,+447426950932,London,Website Build + Google Business Profile + Local SEO,,mark-sparks-electrical.json
176,Ally Electrical Services Ltd,London,London,Electrician,HOT,19,21,12,14,22,28,18,9,27–43,Yes,http://www.allyelectric.co.uk/,,,"Unit 2/Mews House, Princes Lane, London, N10 3LU",Website Redesign + AI Automation + SEO Overhaul,,ally-electrical-services-ltd.json
177,Ambigraph Signs,London,London,Electrician,WARM,37,44,30,27,33,49,35,37,15–27,Yes,http://www.ambigraphsigns.co.uk/,,,"Unit 56/Stratford Workshops, Burford Road, London, E15 2SP",SEO Optimisation + Mobile Upgrade + Google Business Profile,,ambigraph-signs.json
178,AJB Electrical Services Ltd,London,London,Electrician,WARM,32,32,28,21,35,49,23,25,16–23,Yes,http://www.ajbelectrical.com/,,,"334 Brockley Road, London, SE42BT",SEO Optimisation + Mobile Upgrade + Google Business Profile,,ajb-electrical-services-ltd.json
179,Raja Electricals,London,London,Electrician,HOT,12,19,8,6,17,9,10,1,18–36,No,,,+447463569583,London,Website Build + Google Business Profile + Local SEO,,raja-electricals.json
180,Athena Electrical,London,London,Electrician,WARM,51,54,51,28,61,64,41,48,6–12,Yes,http://www.athenaelectrical.com/,,,"190 Evering Road, London, E5 8AJ",Local SEO + AI Discoverability + Lead Generation,,athena-electrical.json
181,Cox Electrical Contracting Ltd,Essex,Chigwell,Electrician,HOT,10,10,17,3,10,5,10,4,30–46,No,,,07905 848 710,"Buckhurst Hill, Essex, IG9 6JX",Website Build + Google Business Profile + Local SEO,,cox-electrical-contracting-ltd.json
182,DJ Electrics,London,Chigwell,Electrician,HOT,12,20,8,12,10,6,9,6,18–32,No,,,07360 273543,"London, E17 5PG",Website Build + Google Business Profile + Local SEO,,dj-electrics.json
183,Argandea,London,London,Electrician,WARM,35,49,31,26,20,43,34,29,15–24,Yes,http://www.argandea.com/,,,"86-90 Paul Street, London, EC2A 4NE",SEO Optimisation + Mobile Upgrade + Google Business Profile,,argandea.json
184,Beacon Group Limited,London,London,Electrician,WARM,32,51,26,20,21,33,27,25,12–24,Yes,http://www.beacongroup.org.uk/,,,"Unit 5 Kingside Business Park, Ruston Road, SE18 5BX",SEO Optimisation + Mobile Upgrade + Google Business Profile,,beacon-group-limited.json
185,B S Electrical Services Uk Ltd,London,London,Electrician,WARM,49,61,46,40,44,52,46,40,13–18,Yes,http://www.bs-electrical.co.uk/,,,"50 St. Georges Road, London, E7 8HY",Local SEO + AI Discoverability + Lead Generation,,b-s-electrical-services-uk-ltd.json
186,Darran Construction Services Ltd,London,London,Electrician,WARM,48,47,39,30,59,66,48,77,6–14,Yes,https://darran-cs.com/,,,"34 Collingwood Road, Rainham, RM13 8SZ",Local SEO + AI Discoverability + Lead Generation,,darran-construction-services-ltd.json
187,A A Electricals,London,London,Electrician,WARM,50,59,45,40,48,50,52,40,7–15,Yes,http://www.aa-electricals.co.uk/,,,"55 Larkfield Avenue, Gillingham, ME7 2LN",Local SEO + AI Discoverability + Lead Generation,,a-a-electricals.json
188,Arena Electrical Services Ltd,London,London,Electrician,WARM,44,50,42,33,46,47,47,54,9–14,Yes,http://www.arenaelec.co.uk/,,,"15-16 Dufferin Street, London, EC1Y 8PD",Local SEO + AI Discoverability + Lead Generation,,arena-electrical-services-ltd.json
189,A Phillip,London,London,Electrician,WARM,33,32,38,22,33,46,23,34,11–19,Yes,http://www.aphillipelectrical.co.uk/,,,"58 Wearside Road, London, SE13 7UL",SEO Optimisation + Mobile Upgrade + Google Business Profile,,a-phillip.json
190,Clayden Electrical Ltd,London,Chigwell,Electrician,HOT,13,21,10,6,20,2,15,11,25–40,No,,,07308 511536,"London, E4 7PG",Website Build + Google Business Profile + Local SEO,,clayden-electrical-ltd.json
191,Tack Electrical Solutions,Loughton,Chigwell,Electrician,HOT,12,11,6,13,22,4,17,7,31–48,No,,,020 8088 1816,"61 Marlescroft Way, Loughton, Essex IG10 3NA",Website Build + Google Business Profile + Local SEO,,tack-electrical-solutions.json
192,NK ELECTRICAL ENGINEERING LTD,London,London,Electrician,HOT,12,16,11,14,14,9,7,4,21–37,No,,,+447413603429,London,Website Build + Google Business Profile + Local SEO,,nk-electrical-engineering-ltd.json
193,Electricians Greenwich,Greenwich,Greenwich,Electrician,HOT,14,19,13,12,17,7,15,7,23–35,No,,info@vcoelectrical.co.uk,0203 656 5149,,Website Build + Google Business Profile + Local SEO,,electricians-greenwich.json
194,Beaver Management Services,London,London,Electrician,HOT,24,36,14,20,22,27,14,12,26–36,Yes,http://www.bmsgroupltd.co.uk/,,,"1 Crown Court, London, EC2V 6LR",Website Redesign + AI Automation + SEO Overhaul,,beaver-management-services.json
195,AC Kinetic Ltd,London,London,Electrician,HOT,12,20,5,11,21,6,7,8,34–51,No,,,+447411295186,London,Website Build + Google Business Profile + Local SEO,,ac-kinetic-ltd.json
196,ARC Group London Ltd,London,London,Electrician,HOT,21,37,14,18,22,10,17,17,18–27,Yes,http://www.arcgroupuk.com/,,,"Unit 6, 17 Argall Avenue, London, E10 7QE",Website Redesign + AI Automation + SEO Overhaul,,arc-group-london-ltd.json
197,Able Data Installations Plc,London,London,Electrician,LOW,63,66,55,52,73,73,60,32,4–11,Yes,http://www.abledata.co.uk/,,,"27 Holywell Row, London, EC2A 4JB",Lead Generation + Conversion Rate Optimisation,,able-data-installations-plc.json
198,Alight Electrical Services UK Ltd,London,London,Electrician,HOT,10,15,7,10,11,1,13,7,32–47,No,,,+447360537513,London,Website Build + Google Business Profile + Local SEO,,alight-electrical-services-uk-ltd.json
199,Rama Electrical Limited,London,London,Electrician,HOT,12,19,7,7,22,4,8,8,21–36,No,,,+447367188776,London,Website Build + Google Business Profile + Local SEO,,rama-electrical-limited.json
200,Robert Clack Electrical Contractor Ltd.,London,London,Electrician,HOT,10,16,6,8,21,0,7,0,18–33,No,,,+447727852674,London,Website Build + Google Business Profile + Local SEO,,robert-clack-electrical-contractor-ltd.json
201,Richard Uri Electrical Services Ltd,London,London,Electrician,HOT,10,18,6,5,12,6,13,3,28–42,No,,,+447888867963,London,Website Build + Google Business Profile + Local SEO,,richard-uri-electrical-services-ltd.json
202,1st Class Sparks,London,London,Electrician,HOT,18,21,13,11,24,19,20,13,15–29,Yes,http://www.1stclasssparks.co.uk/,,,"14 Mildmay Street, London, N1 4AB",Website Redesign + AI Automation + SEO Overhaul,,1st-class-sparks.json
203,Euston Building & Decorating Limited,London,London,Electrician,HOT,22,24,23,21,25,20,20,5,17–29,Yes,http://www.eustonbuildingltd.com/,,,"34 Cavendish Mansions Clerkenwell Road, Werrington Street, London, EC1R 5DQ",Website Redesign + AI Automation + SEO Overhaul,,euston-building-decorating-limited.json
204,Greenhills Electrical,London,Chigwell,Electrician,HOT,13,17,9,6,25,4,16,8,31–41,No,,,07307 229958,"Leyton, London, E10 6JD",Website Build + Google Business Profile + Local SEO,,greenhills-electrical.json
205,Mango Electrical,Loughton,Chigwell,Electrician,HOT,14,20,14,13,14,6,16,11,26–41,No,,,07307 210862,"Loughton, Essex, IG10 1AD",Website Build + Google Business Profile + Local SEO,,mango-electrical.json
206,Erma Electrical Ltd.,London,London,Electrician,HOT,14,20,13,7,21,6,8,10,27–38,No,,,+447588742210,London,Website Build + Google Business Profile + Local SEO,,erma-electrical-ltd.json
207,A B Waters Electrical Contractors,London,London,Electrician,WARM,49,60,42,28,57,54,47,37,13–20,Yes,http://www.bjwaterselectricalcontractors.co.uk/,,,"Flat 68 Haliday House, Mildmay Street, London, N1 4NF",Local SEO + AI Discoverability + Lead Generation,,a-b-waters-electrical-contractors.json
208,Gold Fusion Electrical,Woolwich,Woolwich,Electrician,HOT,15,21,10,10,24,7,17,3,19–36,No,,,+447878641749,,Website Build + Google Business Profile + Local SEO,,gold-fusion-electrical.json
209,Rose33 Solutions Ltd,Woolwich,Woolwich,Electrician,HOT,11,13,12,10,23,0,8,7,24–37,No,,,+447403672370,,Website Build + Google Business Profile + Local SEO,,rose33-solutions-ltd.json
210,SD Electrical,Woolwich,Woolwich,Electrician,HOT,14,21,13,5,24,4,9,11,26–40,No,,,+447453367204,,Website Build + Google Business Profile + Local SEO,,sd-electrical.json
211,Trecs & Co Ltd,Woolwich,Woolwich,Electrician,HOT,11,10,12,5,20,3,16,6,29–41,No,,,+447427893908,,Website Build + Google Business Profile + Local SEO,,trecs-co-ltd.json
212,Contact Electrician Ltd,Woolwich,Woolwich,Electrician,HOT,14,19,17,14,15,1,12,6,22–34,No,,,+447427836165,,Website Build + Google Business Profile + Local SEO,,contact-electrician-ltd.json
213,Electrifix,Woolwich,Woolwich,Electrician,HOT,10,10,9,13,15,7,9,9,27–41,No,,,+447830359717,,Website Build + Google Business Profile + Local SEO,,electrifix.json
214,Electrical Safety First - Greenwich Find An Electrician page,Greenwich,Greenwich,Electrician,WARM,33,40,32,28,31,27,34,44,11–17,Yes,https://www.electricalsafetyfirst.org.uk/find-an-electrician/london/greenwich/,,,,SEO Optimisation + Mobile Upgrade + Google Business Profile,,electrical-safety-first-greenwich-find-an-electric.json
215,Goodacre Electrical Contractors Ltd,Chigwell,Chigwell,Electrician,HOT,13,16,6,14,25,7,13,4,32–45,No,,,+447378855125,,Website Build + Google Business Profile + Local SEO,,goodacre-electrical-contractors-ltd.json
216,Nuttalls Electrical Ltd,Chigwell,Chigwell,Electrician,HOT,11,9,14,4,26,4,6,0,28–38,No,,,+447897027631,,Website Build + Google Business Profile + Local SEO,,nuttalls-electrical-ltd.json
217,PLUG-IT UK,Chigwell,Chigwell,Electrician,HOT,14,15,17,8,19,9,10,9,32–49,No,,,+447428320896,,Website Build + Google Business Profile + Local SEO,,plug-it-uk.json
218,Xpress Electricians - Chigwell,Chigwell,Chigwell,Electrician,LOW,67,65,75,49,73,74,68,91,3–8,Yes,http://www.electricianschigwell.co.uk/,,,,Lead Generation + Conversion Rate Optimisation,,xpress-electricians-chigwell.json
219,SEC Norbury Limited,Woolwich,Woolwich,Electrician,HOT,8,9,6,9,14,1,7,11,23–38,No,,,+447360271534,,Website Build + Google Business Profile + Local SEO,,sec-norbury-limited.json
220,A-Star Electrical Services London,Chigwell,Chigwell,Electrician,HOT,13,21,6,13,22,1,7,6,24–38,No,,,+447400472301,,Website Build + Google Business Profile + Local SEO,,a-star-electrical-services-london.json
221,The One Electrician Ltd,Woolwich,Woolwich,Electrician,HOT,9,11,9,4,13,7,13,10,28–38,No,,,+447475928284,,Website Build + Google Business Profile + Local SEO,,the-one-electrician-ltd.json
222,Hale Electrics Ltd,Woolwich,Woolwich,Electrician,HOT,14,17,15,11,27,1,7,6,22–37,No,,,+447403640242,,Website Build + Google Business Profile + Local SEO,,hale-electrics-ltd.json
223,EES Electrical Engineering Solutions LTD,Woolwich,Woolwich,Electrician,HOT,9,10,12,8,16,0,5,1,26–40,No,,,+447862133392,,Website Build + Google Business Profile + Local SEO,,ees-electrical-engineering-solutions-ltd.json
224,On Site Plumbing & Electric Limited,Woolwich,Woolwich,Electrician,HOT,14,18,17,8,23,0,15,3,22–34,No,,,+447378584207,,Website Build + Google Business Profile + Local SEO,,on-site-plumbing-electric-limited.json
225,E F S Solutions,Chigwell,Chigwell,Electrician,HOT,12,17,10,14,20,3,7,9,21–37,No,,,+447401234968,,Website Build + Google Business Profile + Local SEO,,e-f-s-solutions.json
226,Safe Spark Solutions - Electricians,Chigwell,Chigwell,Electrician,WARM,48,49,41,41,48,59,55,13,12–19,Yes,https://www.safesparksolutions.co.uk/,,,,Local SEO + AI Discoverability + Lead Generation,,safe-spark-solutions-electricians.json
227,Tack Electrical Solutions Ltd,Chigwell,Chigwell,Electrician,WARM,49,48,51,38,60,50,41,24,6–16,Yes,http://local-spark.co.uk/,,,,Local SEO + AI Discoverability + Lead Generation,,tack-electrical-solutions-ltd.json
228,Electrician of London,Chigwell,Chigwell,Electrician,WARM,49,46,53,33,44,67,54,69,7–16,Yes,http://www.electriciansoflondon.co.uk/,,,,Local SEO + AI Discoverability + Lead Generation,,electrician-of-london.json
229,JV Electrical & Security Ltd,Chigwell,Chigwell,Electrician,HOT,12,18,15,6,12,6,9,9,30–38,No,,,07402 977 471,,Website Build + Google Business Profile + Local SEO,,jv-electrical-security-ltd.json
230,Abaco Electrical Contractors Ltd,Chigwell,Chigwell,Electrician,WARM,48,54,39,42,47,60,39,67,11–22,Yes,http://abaco-electrical.co.uk/,,,,Local SEO + AI Discoverability + Lead Generation,,abaco-electrical-contractors-ltd.json
231,ICO Electrical,Chigwell,Chigwell,Electrician,WARM,52,64,54,33,52,48,49,75,7–17,Yes,http://icoelectrical.co.uk/,,,,Local SEO + AI Discoverability + Lead Generation,,ico-electrical.json
232,Mk London Contractors Limited,Chigwell,Chigwell,Electrician,HOT,7,13,6,3,11,2,5,8,28–40,No,,,+447576944063,,Website Build + Google Business Profile + Local SEO,,mk-london-contractors-limited.json
233,SA Electrical Services Ltd,Dartford,Dartford,Electrician,HOT,15,21,7,14,27,7,11,5,18–34,No,,,447401258055,,Website Build + Google Business Profile + Local SEO,,sa-electrical-services-ltd.json
234,TD Electrical,Dartford,Dartford,Electrician,HOT,12,20,10,4,22,0,11,11,27–42,No,,,447414218313,,Website Build + Google Business Profile + Local SEO,,td-electrical.json
235,EOTA Ltd,Dartford,Dartford,Electrician,HOT,10,16,8,11,13,0,12,8,31–48,No,,,447463652953,,Website Build + Google Business Profile + Local SEO,,eota-ltd.json
236,Townend Electrical Services,Dartford,Dartford,Electrician,HOT,8,10,6,3,18,1,8,1,30–42,No,,,447307210946,,Website Build + Google Business Profile + Local SEO,,townend-electrical-services.json
237,Deltawatt Ltd,Dartford,Dartford,Electrician,HOT,10,12,8,3,19,9,7,8,30–49,No,,,447846888705,,Website Build + Google Business Profile + Local SEO,,deltawatt-ltd.json
238,GT@ElectricalServices LTD,Dartford,Dartford,Electrician,HOT,15,11,15,14,27,7,16,1,18–32,No,,,447307207029,,Website Build + Google Business Profile + Local SEO,,gt-electricalservices-ltd.json
239,Haining Electrical Ltd,Dartford,Dartford,Electrician,HOT,11,11,10,10,26,4,5,7,34–49,No,,,447400593902,,Website Build + Google Business Profile + Local SEO,,haining-electrical-ltd.json
240,Rudi Electrics,Chigwell,Chigwell,Electrician,HOT,11,9,16,9,17,8,9,10,32–42,No,,,+447401369162,,Website Build + Google Business Profile + Local SEO,,rudi-electrics.json
241,D & D Electrics,Chigwell,Chigwell,Electrician,LOW,65,77,68,43,58,63,77,66,4–11,Yes,http://www.ddelectrics.co.uk/,,,,Lead Generation + Conversion Rate Optimisation,,d-d-electrics.json
242,Connection Electrical & Alarm Services Ltd,Chigwell,Chigwell,Electrician,HOT,12,21,15,4,12,1,9,6,19–31,No,,,+447888866179,,Website Build + Google Business Profile + Local SEO,,connection-electrical-alarm-services-ltd.json
243,London Electrics ltd,Chigwell,Chigwell,Electrician,HOT,12,10,17,9,19,4,15,8,28–38,No,,,+447723187671,,Website Build + Google Business Profile + Local SEO,,london-electrics-ltd.json
244,Relabond Ltd,Chigwell,Chigwell,Electrician,LOW,67,65,70,46,62,87,73,64,6–10,Yes,http://www.relabond.com/,,,,Lead Generation + Conversion Rate Optimisation,,relabond-ltd.json
245,RIDA Electric,Chigwell,Chigwell,Electrician,HOT,11,11,11,11,22,0,15,5,19–28,No,,,+447727674959,,Website Build + Google Business Profile + Local SEO,,rida-electric.json
246,A Phillip Electrical Services,Greenwich,Greenwich,Electrician,HOT,11,13,9,11,15,6,8,6,28–44,No,,,"02083331981, 07778050075",,Website Build + Google Business Profile + Local SEO,,a-phillip-electrical-services.json
247,Full Circuit Solutions,Brentwood,Brentwood,Electrician,HOT,9,8,8,11,17,5,6,6,22–41,No,,,+447449762791,,Website Build + Google Business Profile + Local SEO,,full-circuit-solutions.json
248,Ampfinity Electrical Ltd,Upminster,Upminster,Electrician,HOT,11,16,16,6,12,0,14,11,20–35,No,,,+447366322640,,Website Build + Google Business Profile + Local SEO,,ampfinity-electrical-ltd.json
249,Lee Electrical And Maintenance Limited,Brentwood,Brentwood,Electrician,HOT,13,19,13,3,23,3,11,9,19–38,No,,,+447401192852,,Website Build + Google Business Profile + Local SEO,,lee-electrical-and-maintenance-limited.json
250,DG Electrical,Brentwood,Brentwood,Electrician,HOT,12,8,16,14,17,4,17,3,26–40,No,,,+447365115375,,Website Build + Google Business Profile + Local SEO,,dg-electrical.json
251,BESA Electrics,London,London,Electrician,WARM,28,33,33,18,22,29,26,34,13–25,Yes,https://besaelectricalservices.com/,,,,SEO Optimisation + Mobile Upgrade + Google Business Profile,,besa-electrics.json
252,Harding Brothers Electrical Limited,Brentwood,Brentwood,Electrician,HOT,12,16,8,6,18,9,17,2,33–43,No,,,+447453347613,,Website Build + Google Business Profile + Local SEO,,harding-brothers-electrical-limited.json
253,Elite Electrical,Brentwood,Brentwood,Electrician,HOT,12,17,14,3,24,2,7,5,30–49,No,,,+447429057692,,Website Build + Google Business Profile + Local SEO,,elite-electrical.json
254,JDM Electrical Services Ltd,Brentwood,Brentwood,Electrician,HOT,12,20,10,10,10,4,15,0,21–36,No,,,+447446168857,,Website Build + Google Business Profile + Local SEO,,jdm-electrical-services-ltd.json
255,Solo Electrical Services,Upminster,Upminster,Electrician,HOT,11,8,10,11,25,5,9,0,20–37,No,,,,"Folkes Farm, Harold Wood",Website Build + Google Business Profile + Local SEO,,solo-electrical-services.json
256,Cgs electrical services,Woolwich,Woolwich,Electrician,HOT,13,12,16,11,14,6,17,10,20–37,No,,,,3a plumstead common road,Website Build + Google Business Profile + Local SEO,,cgs-electrical-services.json
257,Bronks Electrical Services,Woolwich,Woolwich,Electrician,HOT,11,14,17,8,11,4,9,6,18–27,No,,,,We serve Woolwich,Website Build + Google Business Profile + Local SEO,,bronks-electrical-services.json
258,The Power Service,Woolwich,Woolwich,Electrician,HOT,11,16,9,7,15,2,16,6,22–36,No,,,,65-66 Woodrow,Website Build + Google Business Profile + Local SEO,,the-power-service.json
259,Starlight Electrical Abaco Electrical,Loughton,Chigwell,Electrician,HOT,15,20,14,10,19,9,17,8,29–45,No,,,,"4A Oakwood Parade, Loughton, United Kingdom",Website Build + Google Business Profile + Local SEO,,starlight-electrical-abaco-electrical.json
260,County Park Electrical Services,Hornchurch,Upminster,Electrician,HOT,12,18,13,3,23,1,13,2,32–50,No,,,,"12 Winifred Avenue, Hornchurch",Website Build + Google Business Profile + Local SEO,,county-park-electrical-services.json
261,All Landlord Certificates LTD,London,London,Electrician,HOT,14,21,14,14,11,9,11,0,22–35,No,,,,"9 Key Close, Bethnal Green, Greater London E1 4HG",Website Build + Google Business Profile + Local SEO,,all-landlord-certificates-ltd.json
262,Electric Works London,London,London,Electrician,HOT,9,16,5,6,10,4,9,4,32–45,No,,,,"Unit 23, Shaftesbury Centre, London, W10 6BN",Website Build + Google Business Profile + Local SEO,,electric-works-london.json
263,CLN Electrical,Essex,London,Electrician,HOT,10,15,9,8,14,2,11,0,29–41,No,,,,"41 Charles Street, Epping, Essex CM16 7AU",Website Build + Google Business Profile + Local SEO,,cln-electrical.json
264,Hyde Electrical Services Ltd,London,London,Electrician,HOT,9,8,13,12,12,0,12,8,20–29,No,,,,"69a Dundale Road, Tring, Hertfordshire Hp23 5bx",Website Build + Google Business Profile + Local SEO,,hyde-electrical-services-ltd.json
265,David Baptiste,London,London,Electrician,HOT,12,16,15,8,11,4,12,10,28–46,No,,,,"Wallington, Surrey Sm6 8le",Website Build + Google Business Profile + Local SEO,,david-baptiste.json
266,LND Construction Services Ltd,London,London,Electrician,HOT,13,21,9,13,13,9,8,1,19–38,No,,,,"Flat 502 Gregale House, 18 Voysey Square, London, E3 3FY",Website Build + Google Business Profile + Local SEO,,lnd-construction-services-ltd.json
267,electrical matters,London,London,Electrician,HOT,8,10,6,7,12,6,8,11,25–42,No,,,,"london, Essex nw2 4es",Website Build + Google Business Profile + Local SEO,,electrical-matters.json
268,Andy Walsh,London,London,Electrician,HOT,11,15,13,3,15,5,12,9,24–32,No,,,,"47 Elsinore Road, London, SE232SH",Website Build + Google Business Profile + Local SEO,,andy-walsh.json
269,Al-Amin Electrical,London,London,Electrician,HOT,12,10,16,10,21,0,16,8,19–34,No,,,,"20 Peninsula Court, 2 Montford Place, London, Greater London E15 2QW",Website Build + Google Business Profile + Local SEO,,al-amin-electrical.json
270,Neil Rowland,London,London,Electrician,HOT,14,20,6,14,25,9,8,2,33–47,No,,,,"Kent, Kent DA82BQ",Website Build + Google Business Profile + Local SEO,,neil-rowland.json
271,Faraday Engineering Limited,London,London,Electrician,HOT,15,18,11,14,24,7,15,6,32–41,No,,,,"9 Sandringham Way, Waltham Cross, Hertfordshire EN8 8DU",Website Build + Google Business Profile + Local SEO,,faraday-engineering-limited.json
272,LiveWire,London,London,Electrician,HOT,10,10,16,5,10,6,16,8,24–40,No,,,,"2, Ramsay View, High Wycombe, Buckinghamshire Hp157uy",Website Build + Google Business Profile + Local SEO,,livewire.json
273,SJConnolly Electrical Ltd,Loughton,London,Electrician,HOT,13,14,5,14,22,8,16,1,23–38,No,,,,"Loughton, Essex Ig10 2ex",Website Build + Google Business Profile + Local SEO,,sjconnolly-electrical-ltd.json
274,Envision Electrical Ltd.,London,London,Electrician,HOT,10,17,11,3,11,0,12,0,18–33,No,,,,London SW16 1PS,Website Build + Google Business Profile + Local SEO,,envision-electrical-ltd.json
275,B Electrical London,London,London,Electrician,HOT,10,13,10,13,17,0,5,6,34–45,No,,,,"London, Greater London BR3 3PN",Website Build + Google Business Profile + Local SEO,,b-electrical-london.json
276,Oliver Russell Electrical Ltd,London,London,Electrician,HOT,13,16,7,13,17,9,13,4,23–40,No,,,,"Unit 3 Cadwell Lane,, Hitchin, Hertfordshire SG4 0SA",Website Build + Google Business Profile + Local SEO,,oliver-russell-electrical-ltd.json
277,MJC Electrical & Property Services,Woolwich,Woolwich,Electrician,HOT,12,20,13,7,12,6,6,11,25–39,No,,,,We serve Woolwich,Website Build + Google Business Profile + Local SEO,,mjc-electrical-property-services.json
278,NWL Builders,Woolwich,Woolwich,Electrician,HOT,14,20,8,9,19,8,16,4,26–40,No,,,,Wilmount Street,Website Build + Google Business Profile + Local SEO,,nwl-builders.json
279,mjc electrical services,Woolwich,Woolwich,Electrician,HOT,10,11,9,4,11,9,14,7,23–35,No,,,,22 Kinlet road,Website Build + Google Business Profile + Local SEO,,mjc-electrical-services.json
280,Lloyd Electrical Brighton LTD.,London,London,Electrician,HOT,12,10,9,11,24,8,17,5,28–46,No,,,,"3 Protran house, Boundary Road,, Brighton, East Sussex BN2 5TJ",Website Build + Google Business Profile + Local SEO,,lloyd-electrical-brighton-ltd.json
281,L & D Electrical Services,Upminster,Upminster,Electrician,HOT,13,15,14,14,14,3,15,9,33–44,No,,,,"74 Marlborough Gardens, Cranham",Website Build + Google Business Profile + Local SEO,,l-d-electrical-services.json
282,Sesay Electrical Installation,Woolwich,Woolwich,Electrician,HOT,9,8,11,10,17,3,6,9,20–38,No,,,,We serve Woolwich,Website Build + Google Business Profile + Local SEO,,sesay-electrical-installation.json
283,R A Electricals,Woolwich,Woolwich,Electrician,HOT,13,19,6,8,23,4,16,2,24–33,No,,,,We serve Woolwich,Website Build + Google Business Profile + Local SEO,,r-a-electricals.json
284,Bob's Handyman Services,London,Woolwich,Electrician,HOT,14,20,8,10,23,5,14,11,28–46,No,,,,Serving London and the Surrounding Area,Website Build + Google Business Profile + Local SEO,,bob-s-handyman-services.json
285,C Church,Chigwell,Chigwell,Electrician,HOT,11,11,15,14,10,8,6,1,31–43,No,,,,"279 Fencepiece Road, Grange Hill, United Kingdom",Website Build + Google Business Profile + Local SEO,,c-church.json
286,Tack Electrical,Loughton,Chigwell,Electrician,HOT,11,8,8,14,14,9,17,8,26–42,No,,,,"4A Oakwood Parade, Loughton, United Kingdom",Website Build + Google Business Profile + Local SEO,,tack-electrical.json
287,Able Group - Electrical,Woolwich,Woolwich,Electrician,HOT,11,11,9,11,23,1,15,7,29–38,No,,,,We serve Woolwich,Website Build + Google Business Profile + Local SEO,,able-group-electrical.json
288,Cba Electrical Ltd,Woolwich,Woolwich,Electrician,HOT,11,9,17,8,14,4,10,1,34–53,No,,,,We serve Woolwich,Website Build + Google Business Profile + Local SEO,,cba-electrical-ltd.json
289,S Kelsey,Upminster,Upminster,Electrician,HOT,10,13,14,4,14,5,10,8,24–43,No,,,,"8 Byron Mansions, Upminster",Website Build + Google Business Profile + Local SEO,,s-kelsey.json
290,DAA Electrical ltd,London,London,Electrician,HOT,10,17,8,12,10,2,8,3,24–42,No,,,,"19 Third Avenue, Acton, London, Greater London W3 7RT",Website Build + Google Business Profile + Local SEO,,daa-electrical-ltd.json
291,Excel Electricians,Woolwich,Woolwich,Electrician,HOT,11,14,5,4,25,8,11,8,29–45,No,,,,3 Downbank Avenue,Website Build + Google Business Profile + Local SEO,,excel-electricians.json
292,C Woolf Electrical,Upminster,Upminster,Electrician,HOT,15,16,14,11,23,9,16,10,32–41,No,,,,"92 Macon Way, Cranham",Website Build + Google Business Profile + Local SEO,,c-woolf-electrical.json
293,Alan Fleet,Upminster,Upminster,Electrician,HOT,12,8,15,12,17,9,17,10,34–50,No,,,,"5 Mersey Avenue, Cranham",Website Build + Google Business Profile + Local SEO,,alan-fleet.json
294,Da Call Electrics,Chigwell,Chigwell,Electrician,HOT,10,11,9,14,10,4,15,6,24–33,No,,,,"54 Meadow Way, Chigwell, United Kingdom",Website Build + Google Business Profile + Local SEO,,da-call-electrics.json
295,1 Central Electricians,Woolwich,Woolwich,Electrician,HOT,14,21,17,9,12,6,12,4,23–36,No,,,,Eglinton Hill,Website Build + Google Business Profile + Local SEO,,1-central-electricians.json
296,KO Electrcial Services,Dartford,Dartford,Electrician,HOT,14,16,12,7,27,3,17,7,34–47,No,,,,,Website Build + Google Business Profile + Local SEO,,ko-electrcial-services.json
297,Atlas Electricians,Chigwell,Chigwell,Electrician,HOT,10,9,13,9,17,5,8,0,27–44,No,,,,,Website Build + Google Business Profile + Local SEO,,atlas-electricians.json
298,Meridian Construct Ltd,Chigwell,Chigwell,Electrician,HOT,10,18,8,4,11,5,7,6,24–40,No,,,,,Website Build + Google Business Profile + Local SEO,,meridian-construct-ltd.json
299,Rock-Solid Building Solutions Limited,Chigwell,Chigwell,Electrician,HOT,10,15,16,5,13,0,5,3,27–44,No,,,,,Website Build + Google Business Profile + Local SEO,,rock-solid-building-solutions-limited.json
300,Local Electrician,Dartford,Dartford,Electrician,HOT,11,17,11,8,11,5,10,8,30–43,No,,,,,Website Build + Google Business Profile + Local SEO,,local-electrician.json
301,VM Electrical & Maintenance,Dartford,Dartford,Electrician,HOT,13,20,8,12,16,6,13,3,26–40,No,,,,,Website Build + Google Business Profile + Local SEO,,vm-electrical-maintenance.json
302,Electrical power solutions uk limited,Dartford,Dartford,Electrician,HOT,11,15,8,8,22,4,8,1,19–35,No,,,,,Website Build + Google Business Profile + Local SEO,,electrical-power-solutions-uk-limited.json
303,Right spark,Dartford,Dartford,Electrician,HOT,10,8,13,13,11,3,15,4,33–48,No,,,,,Website Build + Google Business Profile + Local SEO,,right-spark.json
304,M R CARTER BUILDERS Ltd,Woolwich,Woolwich,Electrician,HOT,13,15,16,13,10,7,17,5,22–36,No,,,,,Website Build + Google Business Profile + Local SEO,,m-r-carter-builders-ltd.json
305,SR Electricals,Chigwell,Chigwell,Electrician,HOT,8,11,8,5,16,1,8,4,20–37,No,,,,,Website Build + Google Business Profile + Local SEO,,sr-electricals.json
306,Eagle Electrical,Dartford,Dartford,Electrician,HOT,11,11,14,14,12,9,7,0,21–30,No,,,,,Website Build + Google Business Profile + Local SEO,,eagle-electrical.json
307,Joe Bates,Dartford,Dartford,Electrician,HOT,16,21,15,14,26,3,13,3,20–28,No,,,,,Website Build + Google Business Profile + Local SEO,,joe-bates.json
308,Supreme Electrical Limited,Brentwood,Brentwood,Electrician,HOT,9,14,7,5,16,1,10,6,19–28,No,,,,,Website Build + Google Business Profile + Local SEO,,supreme-electrical-limited.json
309,Sam Day Electrics,Chigwell,Chigwell,Electrician,HOT,10,17,6,4,19,2,11,8,26–43,No,,,,,Website Build + Google Business Profile + Local SEO,,sam-day-electrics.json
310,DEC Electrical,Upminster,Upminster,Electrician,HOT,12,17,11,11,18,0,9,0,22–33,No,,,,,Website Build + Google Business Profile + Local SEO,,dec-electrical.json
311,M7 Electrical (London) Ltd,Chigwell,Chigwell,Electrician,HOT,9,11,12,4,12,7,5,9,23–41,No,,,,,Website Build + Google Business Profile + Local SEO,,m7-electrical-london-ltd.json
312,Blue Flame,Upminster,Upminster,Electrician,HOT,11,15,5,9,24,5,7,2,33–43,No,,,,,Website Build + Google Business Profile + Local SEO,,blue-flame.json
313,Aza & Sons Services,Chigwell,Chigwell,Electrician,HOT,10,9,7,9,22,2,15,8,24–37,No,,,,,Website Build + Google Business Profile + Local SEO,,aza-sons-services.json
314,skcg electrical ltd,Chigwell,Chigwell,Electrician,HOT,13,15,16,9,16,8,10,8,18–29,No,,,,,Website Build + Google Business Profile + Local SEO,,skcg-electrical-ltd.json
315,CIS London,Chigwell,Chigwell,Electrician,HOT,11,9,15,10,23,0,6,11,33–42,No,,,,,Website Build + Google Business Profile + Local SEO,,cis-london.json
316,Perfectees,Chigwell,Chigwell,Electrician,HOT,12,19,11,7,20,0,14,9,29–47,No,,,,,Website Build + Google Business Profile + Local SEO,,perfectees.json
317,cjs electrical services,Chigwell,Chigwell,Electrician,HOT,14,19,15,13,13,6,15,11,24–43,No,,,,,Website Build + Google Business Profile + Local SEO,,cjs-electrical-services.json
318,Installpro Bathrooms and Kitchens,Chigwell,Chigwell,Electrician,HOT,15,17,16,6,25,5,17,6,32–47,No,,,,,Website Build + Google Business Profile + Local SEO,,installpro-bathrooms-and-kitchens.json
319,SGM Electrical Solutions,Chigwell,Chigwell,Electrician,HOT,11,14,13,3,17,7,6,1,34–43,No,,,,,Website Build + Google Business Profile + Local SEO,,sgm-electrical-solutions.json
320,SMC Electrical,Upminster,Upminster,Electrician,HOT,10,13,5,7,19,6,7,0,24–37,No,,,,,Website Build + Google Business Profile + Local SEO,,smc-electrical.json
321,A2Z build and fix,Chigwell,Chigwell,Electrician,HOT,12,14,10,5,24,4,13,9,20–37,No,,,,,Website Build + Google Business Profile + Local SEO,,a2z-build-and-fix.json
322,Smart Electrix,Chigwell,Chigwell,Electrician,HOT,14,18,17,6,18,8,17,8,33–42,No,,,,,Website Build + Google Business Profile + Local SEO,,smart-electrix.json
323,SafeSpark Electricians,Upminster,Upminster,Electrician,HOT,8,9,6,5,18,5,6,0,24–37,No,,,,,Website Build + Google Business Profile + Local SEO,,safespark-electricians.json
324,EQUIPE Electrical & Building Solutions Limited,Chigwell,Chigwell,Electrician,HOT,14,21,17,10,11,9,5,3,32–43,No,,,,,Website Build + Google Business Profile + Local SEO,,equipe-electrical-building-solutions-limited.json
325,Scott plumb,Dartford,Dartford,Electrician,HOT,10,10,12,9,14,2,12,11,32–48,No,,,,,Website Build + Google Business Profile + Local SEO,,scott-plumb.json
326,ND Electricity,Woolwich,Woolwich,Electrician,HOT,13,15,7,11,26,8,7,3,34–50,No,,,,,Website Build + Google Business Profile + Local SEO,,nd-electricity.json
327,Edgley contracting Ltd,Dartford,Dartford,Electrician,HOT,10,9,11,12,16,1,17,4,32–46,No,,,,,Website Build + Google Business Profile + Local SEO,,edgley-contracting-ltd.json
328,D C ELECTRICAL,Chigwell,Chigwell,Electrician,HOT,9,12,5,5,12,4,15,10,19–28,No,,,,,Website Build + Google Business Profile + Local SEO,,d-c-electrical.json
329,In-Site Plumbing & Electrical Ltd,Chigwell,Chigwell,Electrician,HOT,12,13,8,12,23,9,10,6,27–42,No,,,,,Website Build + Google Business Profile + Local SEO,,in-site-plumbing-electrical-ltd.json
330,SJ Electrical,Woolwich,Woolwich,Electrician,HOT,11,13,7,8,17,5,16,6,30–40,No,,,,,Website Build + Google Business Profile + Local SEO,,sj-electrical.json
331,Chris Stone Ltd,Chigwell,Chigwell,Electrician,HOT,11,8,13,11,13,8,15,4,24–38,No,,,,,Website Build + Google Business Profile + Local SEO,,chris-stone-ltd.json
332,KLC,Woolwich,Woolwich,Electrician,HOT,11,13,13,5,21,2,7,5,25–36,No,,,,,Website Build + Google Business Profile + Local SEO,,klc.json
333,Mohsin ali,Woolwich,Woolwich,Electrician,HOT,10,11,6,8,24,4,5,3,18–27,No,,,,,Website Build + Google Business Profile + Local SEO,,mohsin-ali.json
334,oss electrician,Woolwich,Woolwich,Electrician,HOT,11,15,15,6,13,8,6,5,31–46,No,,,,,Website Build + Google Business Profile + Local SEO,,oss-electrician.json
335,Approved Electrics,Chigwell,Chigwell,Electrician,HOT,13,19,15,5,21,0,13,0,19–29,No,,,,,Website Build + Google Business Profile + Local SEO,,approved-electrics.json
336,Sutlej construction ltd,Woolwich,Woolwich,Electrician,HOT,9,9,7,11,18,2,8,6,31–47,No,,,,,Website Build + Google Business Profile + Local SEO,,sutlej-construction-ltd.json
337,CHIGWELL LOCKSMITH LIMITED,Chigwell,Chigwell,Electrician,HOT,12,15,14,11,14,6,8,7,22–34,No,,,,,Website Build + Google Business Profile + Local SEO,,chigwell-locksmith-limited.json
338,Ashtech,Woolwich,Woolwich,Electrician,HOT,12,11,16,11,15,2,14,7,34–42,No,,,,,Website Build + Google Business Profile + Local SEO,,ashtech.json
339,NICEIC,Upminster,Upminster,Electrician,HOT,14,17,17,13,21,0,9,7,24–40,No,,,,,Website Build + Google Business Profile + Local SEO,,niceic.json
340,BESA Electrical Services LTD,Woolwich,Woolwich,Electrician,HOT,10,15,13,6,10,6,6,7,20–34,No,,,,,Website Build + Google Business Profile + Local SEO,,besa-electrical-services-ltd.json
341,Napit,Upminster,Upminster,Electrician,HOT,11,17,12,3,15,3,9,5,24–34,No,,,,,Website Build + Google Business Profile + Local SEO,,napit.json
342,Jones Gas & Electrical Services,Chigwell,Chigwell,Electrician,HOT,10,12,8,10,13,4,9,2,29–41,No,,,,,Website Build + Google Business Profile + Local SEO,,jones-gas-electrical-services.json
343,Bellozz Electrical Ltd,Dartford,Dartford,Electrician,HOT,12,14,9,14,21,3,15,10,18–37,No,,,,,Website Build + Google Business Profile + Local SEO,,bellozz-electrical-ltd.json
344,Flux Electrical Services Ltd,Dartford,Dartford,Electrician,HOT,11,11,11,4,26,9,5,0,30–48,No,,,,,Website Build + Google Business Profile + Local SEO,,flux-electrical-services-ltd.json
345,Lini Electrical Ltd,Dartford,Dartford,Electrician,HOT,13,19,9,7,26,1,16,5,30–43,No,,,,,Website Build + Google Business Profile + Local SEO,,lini-electrical-ltd.json
346,QHH Electrical Services Ltd,Woolwich,Woolwich,Electrician,HOT,14,15,17,8,21,8,12,6,23–40,No,,,,,Website Build + Google Business Profile + Local SEO,,qhh-electrical-services-ltd.json
347,JIA electrical ltd,Dartford,Dartford,Electrician,HOT,13,21,9,8,16,8,8,2,24–42,No,,,,,Website Build + Google Business Profile + Local SEO,,jia-electrical-ltd.json
348,Stonewood Services,Dartford,Dartford,Electrician,HOT,11,17,10,4,13,9,7,7,33–48,No,,,,,Website Build + Google Business Profile + Local SEO,,stonewood-services.json
349,Smiths Electrical,Chigwell,Chigwell,Electrician,HOT,12,18,7,8,23,2,8,4,20–37,No,,,,,Website Build + Google Business Profile + Local SEO,,smiths-electrical.json
350,Marko Stefa,Dartford,Dartford,Electrician,HOT,12,19,6,14,10,5,14,4,34–53,No,,,,,Website Build + Google Business Profile + Local SEO,,marko-stefa.json
351,LENEC electrical services,Dartford,Dartford,Electrician,HOT,9,16,6,3,14,8,5,10,28–38,No,,,,,Website Build + Google Business Profile + Local SEO,,lenec-electrical-services.json
352,Moonlight Maintenance Limited,Woolwich,Woolwich,Electrician,HOT,12,18,10,6,21,1,12,6,22–32,No,,,,,Website Build + Google Business Profile + Local SEO,,moonlight-maintenance-limited.json
353,Chigwell Electrical Solutions Ltd,Chigwell,Chigwell,Electrician,HOT,10,12,12,12,11,3,9,7,32–43,No,,,,,Website Build + Google Business Profile + Local SEO,,chigwell-electrical-solutions-ltd.json
354,Martelly Electrix,Woolwich,Woolwich,Electrician,HOT,12,19,9,12,15,1,8,6,33–49,No,,,,,Website Build + Google Business Profile + Local SEO,,martelly-electrix.json
355,Powerbrite Electrical LTD,Upminster,Upminster,Electrician,HOT,14,14,17,11,23,3,17,11,26–34,No,,,,,Website Build + Google Business Profile + Local SEO,,powerbrite-electrical-ltd.json
356,RADKE ELECTRICAL & RENEWABLE SERVICES LTD,Upminster,Upminster,Electrician,HOT,12,12,14,5,24,7,6,10,29–45,No,,,,,Website Build + Google Business Profile + Local SEO,,radke-electrical-renewable-services-ltd.json
357,The White M's Handyman Ltd,Woolwich,Woolwich,Electrician,HOT,11,10,6,7,27,8,12,4,33–49,No,,,,,Website Build + Google Business Profile + Local SEO,,the-white-m-s-handyman-ltd.json
358,TRM Services,Chigwell,Chigwell,Electrician,HOT,14,21,17,6,12,7,17,5,27–40,No,,,,,Website Build + Google Business Profile + Local SEO,,trm-services.json
359,Mayfair Construction,Woolwich,Woolwich,Electrician,HOT,13,20,10,14,15,1,11,1,22–39,No,,,,,Website Build + Google Business Profile + Local SEO,,mayfair-construction.json
360,DGW Electrical Services Ltd,Dartford,Dartford,Electrician,HOT,10,16,6,11,15,4,5,3,31–44,No,,,,,Website Build + Google Business Profile + Local SEO,,dgw-electrical-services-ltd.json
