First Name,Business Name,City,Email,Phone,Tags,Source
PV Electrical Services,PV Electrical Services,Upminster,info@pvelectricalservices.com,01277 295007,"electrician,revenuedrive,hot-priority,no-website,may2026",RevenueDrive-HOT-May2026
London Electricians,London Electricians,London,,+44 20 8728 9179,"electrician,revenuedrive,hot-priority,no-website,may2026",RevenueDrive-HOT-May2026
Electricians Woolwich,Electricians Woolwich,London,,020 3519 8795,"electrician,revenuedrive,hot-priority,no-website,may2026",RevenueDrive-HOT-May2026
Technical Electrical Solutions,Technical Electrical Solutions,London,,+44 7939 090494,"electrician,revenuedrive,hot-priority,no-website,may2026",RevenueDrive-HOT-May2026
Alb-Electric,Alb-Electric,London,,+44 7918 666792,"electrician,revenuedrive,hot-priority,no-website,may2026",RevenueDrive-HOT-May2026
rbc electricians,rbc electricians,Loughton,,+44 7572 256444,"electrician,revenuedrive,hot-priority,no-website,may2026",RevenueDrive-HOT-May2026
The Brentwood House Rewire Electrician,The Brentwood House Rewire Electrician,Brentwood,,+44 7418 351143,"electrician,revenuedrive,hot-priority,no-website,may2026",RevenueDrive-HOT-May2026
"Electrical Installation House Rewire, Brentwood","Electrical Installation House Rewire, Brentwood",Brentwood,,07418 356424,"electrician,revenuedrive,hot-priority,no-website,may2026",RevenueDrive-HOT-May2026
"AM Electrical Installation Rewiring, Hornchurch","AM Electrical Installation Rewiring, Hornchurch",Hornchurch,,07418 356430,"electrician,revenuedrive,hot-priority,no-website,may2026",RevenueDrive-HOT-May2026
SR Electrical Services,SR Electrical Services,Upminster,electricalservicessr@gmail.com,"07852151313, 07834715761","electrician,revenuedrive,hot-priority,no-website,may2026",RevenueDrive-HOT-May2026
Tony Brooks Electrics,Tony Brooks Electrics,Upminster,tony@tbelectrics.co.uk,"01708 224151, 07779 665797","electrician,revenuedrive,hot-priority,no-website,may2026",RevenueDrive-HOT-May2026
ABM Electrical,ABM Electrical,Erith,,+44 7956 841447,"electrician,revenuedrive,hot-priority,no-website,may2026",RevenueDrive-HOT-May2026
Greenhithe Electrical Services (GES) - NICEIC,Greenhithe Electrical Services (GES) - NICEIC,Dartford,,+44 1322 941068,"electrician,revenuedrive,hot-priority,no-website,may2026",RevenueDrive-HOT-May2026
Triform Electrical Ltd,Triform Electrical Ltd,Dartford,,+44 20 3154 9363,"electrician,revenuedrive,hot-priority,no-website,may2026",RevenueDrive-HOT-May2026
BM SPARKS,BM SPARKS,Dartford,info@bmsparks.co.uk,020 8090 5381,"electrician,revenuedrive,hot-priority,no-website,may2026",RevenueDrive-HOT-May2026
IC Electrical Services,IC Electrical Services,Romford,info@icelectricaluk.com,07736 681 498,"electrician,revenuedrive,hot-priority,no-website,may2026",RevenueDrive-HOT-May2026
EICR Cert Limited,EICR Cert Limited,Upminster,admin@eicrcert.co.uk,+441480776288,"electrician,revenuedrive,hot-priority,no-website,may2026",RevenueDrive-HOT-May2026
NND Gas & Electrical Ltd,NND Gas & Electrical Ltd,London,,07568 533676,"electrician,revenuedrive,hot-priority,no-website,may2026",RevenueDrive-HOT-May2026
Elsworth Electrical Services LTD,Elsworth Electrical Services LTD,Chigwell,daniel@elsworthelectrical.com,07837399854,"electrician,revenuedrive,hot-priority,no-website,may2026",RevenueDrive-HOT-May2026
Royal Docks Electrical,Royal Docks Electrical,London,info@RoyalDocksElectrical.com,020 7473 7807,"electrician,revenuedrive,hot-priority,no-website,may2026",RevenueDrive-HOT-May2026
CB2 Electrical,CB2 Electrical,Woolwich,info@cb2electrical.com,+442039166282,"electrician,revenuedrive,hot-priority,no-website,may2026",RevenueDrive-HOT-May2026
JWK Electrical,JWK Electrical,London,procurement@jwke.co.uk,01892 662 756,"electrician,revenuedrive,hot-priority,no-website,may2026",RevenueDrive-HOT-May2026
AZ Electrical,AZ Electrical,London,contact@az-electrical.co.uk,+447508885484,"electrician,revenuedrive,hot-priority,no-website,may2026",RevenueDrive-HOT-May2026
Brenbar Electrical Services Ltd,Brenbar Electrical Services Ltd,Romford,info@brenbarelectrical.co.uk,01708 381110,"electrician,revenuedrive,hot-priority,no-website,may2026",RevenueDrive-HOT-May2026
Bryden Electrical Ltd,Bryden Electrical Ltd,Brentwood,info@brydenelectricalltd.co.uk,07999 290802,"electrician,revenuedrive,hot-priority,no-website,may2026",RevenueDrive-HOT-May2026
FBS Electrical Ltd,FBS Electrical Ltd,London,info@fbselectrical.co.uk,020 8133 3459,"electrician,revenuedrive,hot-priority,no-website,may2026",RevenueDrive-HOT-May2026
JK Electrical Ltd,JK Electrical Ltd,Brentwood,admin@jkelectricalltd.com,07817140139,"electrician,revenuedrive,hot-priority,no-website,may2026",RevenueDrive-HOT-May2026
Sol-lux Electrical,Sol-lux Electrical,London,,+447360540492,"electrician,revenuedrive,hot-priority,no-website,may2026",RevenueDrive-HOT-May2026
Brentwood Electrical Contractors,Brentwood Electrical Contractors,Brentwood,,+441277216121,"electrician,revenuedrive,hot-priority,no-website,may2026",RevenueDrive-HOT-May2026
Double Lively Electrical,Double Lively Electrical,Essex,,07307 263040,"electrician,revenuedrive,hot-priority,no-website,may2026",RevenueDrive-HOT-May2026
JAE Electrical Ltd,JAE Electrical Ltd,Hornchurch,,07307 291505,"electrician,revenuedrive,hot-priority,no-website,may2026",RevenueDrive-HOT-May2026
Con-fused Electrical Limited,Con-fused Electrical Limited,Romford,,07307 208784,"electrician,revenuedrive,hot-priority,no-website,may2026",RevenueDrive-HOT-May2026
Essex Electrical Solutions Ltd,Essex Electrical Solutions Ltd,Essex,,07307 245829,"electrician,revenuedrive,hot-priority,no-website,may2026",RevenueDrive-HOT-May2026
Mead Electrical Services Ltd,Mead Electrical Services Ltd,Essex,,07307 203066,"electrician,revenuedrive,hot-priority,no-website,may2026",RevenueDrive-HOT-May2026
MBM Electrical Services Ltd,MBM Electrical Services Ltd,Romford,,07307 247508,"electrician,revenuedrive,hot-priority,no-website,may2026",RevenueDrive-HOT-May2026
EPHD Services Ltd,EPHD Services Ltd,Essex,,07307 205928,"electrician,revenuedrive,hot-priority,no-website,may2026",RevenueDrive-HOT-May2026
KJF Electrical Limited,KJF Electrical Limited,Essex,,07307 201175,"electrician,revenuedrive,hot-priority,no-website,may2026",RevenueDrive-HOT-May2026
Electrical Services Woolwich,Electrical Services Woolwich,London,,+442036703241,"electrician,revenuedrive,hot-priority,no-website,may2026",RevenueDrive-HOT-May2026
SM Electrical Services,SM Electrical Services,London,,+447367011186,"electrician,revenuedrive,hot-priority,no-website,may2026",RevenueDrive-HOT-May2026
RHD Electrical Ltd,RHD Electrical Ltd,Romford,,07307 208677,"electrician,revenuedrive,hot-priority,no-website,may2026",RevenueDrive-HOT-May2026
BS Electrical Solutions Ltd,BS Electrical Solutions Ltd,Upminster,,07307 278961,"electrician,revenuedrive,hot-priority,no-website,may2026",RevenueDrive-HOT-May2026
Daniel Panfil,Daniel Panfil,Essex,,07863 789894,"electrician,revenuedrive,hot-priority,no-website,may2026",RevenueDrive-HOT-May2026
EMF Wiring Solutions,EMF Wiring Solutions,Upminster,,+441708909066,"electrician,revenuedrive,hot-priority,no-website,may2026",RevenueDrive-HOT-May2026
Sparky Jake Electrical Services,Sparky Jake Electrical Services,Upminster,,07401 179963,"electrician,revenuedrive,hot-priority,no-website,may2026",RevenueDrive-HOT-May2026
M & K Electrical,M & K Electrical,Upminster,info@mandkelectrical.co.uk,"01708 606077, 07545 370597","electrician,revenuedrive,hot-priority,no-website,may2026",RevenueDrive-HOT-May2026
Denham Electrical Contractors Ltd,Denham Electrical Contractors Ltd,Upminster,steve@decltd.org,"07984 663712, 07940 156403","electrician,revenuedrive,hot-priority,no-website,may2026",RevenueDrive-HOT-May2026
CCH Electrical Services,CCH Electrical Services,Upminster,enquiries@cchelectricalservices.co.uk,+44 7768 223426,"electrician,revenuedrive,hot-priority,no-website,may2026",RevenueDrive-HOT-May2026
Radke Electrical & Renewable Services,Radke Electrical & Renewable Services,Upminster,,,"electrician,revenuedrive,hot-priority,no-website,may2026",RevenueDrive-HOT-May2026
SS Electrical,SS Electrical,London,,07307 211702,"electrician,revenuedrive,hot-priority,no-website,may2026",RevenueDrive-HOT-May2026
Certified Electricians London Ltd,Certified Electricians London Ltd,London,,07307 206131,"electrician,revenuedrive,hot-priority,no-website,may2026",RevenueDrive-HOT-May2026
Mark Sparks Electrical,Mark Sparks Electrical,London,,+447426950932,"electrician,revenuedrive,hot-priority,no-website,may2026",RevenueDrive-HOT-May2026
Ally Electrical Services Ltd,Ally Electrical Services Ltd,London,,,"electrician,revenuedrive,hot-priority,no-website,may2026",RevenueDrive-HOT-May2026
Raja Electricals,Raja Electricals,London,,+447463569583,"electrician,revenuedrive,hot-priority,no-website,may2026",RevenueDrive-HOT-May2026
Cox Electrical Contracting Ltd,Cox Electrical Contracting Ltd,Essex,,07905 848 710,"electrician,revenuedrive,hot-priority,no-website,may2026",RevenueDrive-HOT-May2026
DJ Electrics,DJ Electrics,London,,07360 273543,"electrician,revenuedrive,hot-priority,no-website,may2026",RevenueDrive-HOT-May2026
Clayden Electrical Ltd,Clayden Electrical Ltd,London,,07308 511536,"electrician,revenuedrive,hot-priority,no-website,may2026",RevenueDrive-HOT-May2026
Tack Electrical Solutions,Tack Electrical Solutions,Loughton,,020 8088 1816,"electrician,revenuedrive,hot-priority,no-website,may2026",RevenueDrive-HOT-May2026
NK ELECTRICAL ENGINEERING LTD,NK ELECTRICAL ENGINEERING LTD,London,,+447413603429,"electrician,revenuedrive,hot-priority,no-website,may2026",RevenueDrive-HOT-May2026
Electricians Greenwich,Electricians Greenwich,Greenwich,info@vcoelectrical.co.uk,0203 656 5149,"electrician,revenuedrive,hot-priority,no-website,may2026",RevenueDrive-HOT-May2026
Beaver Management Services,Beaver Management Services,London,,,"electrician,revenuedrive,hot-priority,no-website,may2026",RevenueDrive-HOT-May2026
AC Kinetic Ltd,AC Kinetic Ltd,London,,+447411295186,"electrician,revenuedrive,hot-priority,no-website,may2026",RevenueDrive-HOT-May2026
ARC Group London Ltd,ARC Group London Ltd,London,,,"electrician,revenuedrive,hot-priority,no-website,may2026",RevenueDrive-HOT-May2026
Alight Electrical Services UK Ltd,Alight Electrical Services UK Ltd,London,,+447360537513,"electrician,revenuedrive,hot-priority,no-website,may2026",RevenueDrive-HOT-May2026
Rama Electrical Limited,Rama Electrical Limited,London,,+447367188776,"electrician,revenuedrive,hot-priority,no-website,may2026",RevenueDrive-HOT-May2026
Robert Clack Electrical Contractor Ltd.,Robert Clack Electrical Contractor Ltd.,London,,+447727852674,"electrician,revenuedrive,hot-priority,no-website,may2026",RevenueDrive-HOT-May2026
Richard Uri Electrical Services Ltd,Richard Uri Electrical Services Ltd,London,,+447888867963,"electrician,revenuedrive,hot-priority,no-website,may2026",RevenueDrive-HOT-May2026
1st Class Sparks,1st Class Sparks,London,,,"electrician,revenuedrive,hot-priority,no-website,may2026",RevenueDrive-HOT-May2026
Euston Building & Decorating Limited,Euston Building & Decorating Limited,London,,,"electrician,revenuedrive,hot-priority,no-website,may2026",RevenueDrive-HOT-May2026
Greenhills Electrical,Greenhills Electrical,London,,07307 229958,"electrician,revenuedrive,hot-priority,no-website,may2026",RevenueDrive-HOT-May2026
Mango Electrical,Mango Electrical,Loughton,,07307 210862,"electrician,revenuedrive,hot-priority,no-website,may2026",RevenueDrive-HOT-May2026
Erma Electrical Ltd.,Erma Electrical Ltd.,London,,+447588742210,"electrician,revenuedrive,hot-priority,no-website,may2026",RevenueDrive-HOT-May2026
Gold Fusion Electrical,Gold Fusion Electrical,Woolwich,,+447878641749,"electrician,revenuedrive,hot-priority,no-website,may2026",RevenueDrive-HOT-May2026
Rose33 Solutions Ltd,Rose33 Solutions Ltd,Woolwich,,+447403672370,"electrician,revenuedrive,hot-priority,no-website,may2026",RevenueDrive-HOT-May2026
SD Electrical,SD Electrical,Woolwich,,+447453367204,"electrician,revenuedrive,hot-priority,no-website,may2026",RevenueDrive-HOT-May2026
Trecs & Co Ltd,Trecs & Co Ltd,Woolwich,,+447427893908,"electrician,revenuedrive,hot-priority,no-website,may2026",RevenueDrive-HOT-May2026
Contact Electrician Ltd,Contact Electrician Ltd,Woolwich,,+447427836165,"electrician,revenuedrive,hot-priority,no-website,may2026",RevenueDrive-HOT-May2026
Electrifix,Electrifix,Woolwich,,+447830359717,"electrician,revenuedrive,hot-priority,no-website,may2026",RevenueDrive-HOT-May2026
Goodacre Electrical Contractors Ltd,Goodacre Electrical Contractors Ltd,Chigwell,,+447378855125,"electrician,revenuedrive,hot-priority,no-website,may2026",RevenueDrive-HOT-May2026
Nuttalls Electrical Ltd,Nuttalls Electrical Ltd,Chigwell,,+447897027631,"electrician,revenuedrive,hot-priority,no-website,may2026",RevenueDrive-HOT-May2026
PLUG-IT UK,PLUG-IT UK,Chigwell,,+447428320896,"electrician,revenuedrive,hot-priority,no-website,may2026",RevenueDrive-HOT-May2026
SEC Norbury Limited,SEC Norbury Limited,Woolwich,,+447360271534,"electrician,revenuedrive,hot-priority,no-website,may2026",RevenueDrive-HOT-May2026
A-Star Electrical Services London,A-Star Electrical Services London,Chigwell,,+447400472301,"electrician,revenuedrive,hot-priority,no-website,may2026",RevenueDrive-HOT-May2026
The One Electrician Ltd,The One Electrician Ltd,Woolwich,,+447475928284,"electrician,revenuedrive,hot-priority,no-website,may2026",RevenueDrive-HOT-May2026
Hale Electrics Ltd,Hale Electrics Ltd,Woolwich,,+447403640242,"electrician,revenuedrive,hot-priority,no-website,may2026",RevenueDrive-HOT-May2026
EES Electrical Engineering Solutions LTD,EES Electrical Engineering Solutions LTD,Woolwich,,+447862133392,"electrician,revenuedrive,hot-priority,no-website,may2026",RevenueDrive-HOT-May2026
On Site Plumbing & Electric Limited,On Site Plumbing & Electric Limited,Woolwich,,+447378584207,"electrician,revenuedrive,hot-priority,no-website,may2026",RevenueDrive-HOT-May2026
E F S Solutions,E F S Solutions,Chigwell,,+447401234968,"electrician,revenuedrive,hot-priority,no-website,may2026",RevenueDrive-HOT-May2026
JV Electrical & Security Ltd,JV Electrical & Security Ltd,Chigwell,,07402 977 471,"electrician,revenuedrive,hot-priority,no-website,may2026",RevenueDrive-HOT-May2026
Mk London Contractors Limited,Mk London Contractors Limited,Chigwell,,+447576944063,"electrician,revenuedrive,hot-priority,no-website,may2026",RevenueDrive-HOT-May2026
SA Electrical Services Ltd,SA Electrical Services Ltd,Dartford,,447401258055,"electrician,revenuedrive,hot-priority,no-website,may2026",RevenueDrive-HOT-May2026
TD Electrical,TD Electrical,Dartford,,447414218313,"electrician,revenuedrive,hot-priority,no-website,may2026",RevenueDrive-HOT-May2026
EOTA Ltd,EOTA Ltd,Dartford,,447463652953,"electrician,revenuedrive,hot-priority,no-website,may2026",RevenueDrive-HOT-May2026
Townend Electrical Services,Townend Electrical Services,Dartford,,447307210946,"electrician,revenuedrive,hot-priority,no-website,may2026",RevenueDrive-HOT-May2026
Deltawatt Ltd,Deltawatt Ltd,Dartford,,447846888705,"electrician,revenuedrive,hot-priority,no-website,may2026",RevenueDrive-HOT-May2026
GT@ElectricalServices LTD,GT@ElectricalServices LTD,Dartford,,447307207029,"electrician,revenuedrive,hot-priority,no-website,may2026",RevenueDrive-HOT-May2026
Haining Electrical Ltd,Haining Electrical Ltd,Dartford,,447400593902,"electrician,revenuedrive,hot-priority,no-website,may2026",RevenueDrive-HOT-May2026
Rudi Electrics,Rudi Electrics,Chigwell,,+447401369162,"electrician,revenuedrive,hot-priority,no-website,may2026",RevenueDrive-HOT-May2026
Connection Electrical & Alarm Services Ltd,Connection Electrical & Alarm Services Ltd,Chigwell,,+447888866179,"electrician,revenuedrive,hot-priority,no-website,may2026",RevenueDrive-HOT-May2026
London Electrics ltd,London Electrics ltd,Chigwell,,+447723187671,"electrician,revenuedrive,hot-priority,no-website,may2026",RevenueDrive-HOT-May2026
RIDA Electric,RIDA Electric,Chigwell,,+447727674959,"electrician,revenuedrive,hot-priority,no-website,may2026",RevenueDrive-HOT-May2026
A Phillip Electrical Services,A Phillip Electrical Services,Greenwich,,"02083331981, 07778050075","electrician,revenuedrive,hot-priority,no-website,may2026",RevenueDrive-HOT-May2026
Full Circuit Solutions,Full Circuit Solutions,Brentwood,,+447449762791,"electrician,revenuedrive,hot-priority,no-website,may2026",RevenueDrive-HOT-May2026
Ampfinity Electrical Ltd,Ampfinity Electrical Ltd,Upminster,,+447366322640,"electrician,revenuedrive,hot-priority,no-website,may2026",RevenueDrive-HOT-May2026
Lee Electrical And Maintenance Limited,Lee Electrical And Maintenance Limited,Brentwood,,+447401192852,"electrician,revenuedrive,hot-priority,no-website,may2026",RevenueDrive-HOT-May2026
DG Electrical,DG Electrical,Brentwood,,+447365115375,"electrician,revenuedrive,hot-priority,no-website,may2026",RevenueDrive-HOT-May2026
Harding Brothers Electrical Limited,Harding Brothers Electrical Limited,Brentwood,,+447453347613,"electrician,revenuedrive,hot-priority,no-website,may2026",RevenueDrive-HOT-May2026
Elite Electrical,Elite Electrical,Brentwood,,+447429057692,"electrician,revenuedrive,hot-priority,no-website,may2026",RevenueDrive-HOT-May2026
JDM Electrical Services Ltd,JDM Electrical Services Ltd,Brentwood,,+447446168857,"electrician,revenuedrive,hot-priority,no-website,may2026",RevenueDrive-HOT-May2026
Solo Electrical Services,Solo Electrical Services,Upminster,,,"electrician,revenuedrive,hot-priority,no-website,may2026",RevenueDrive-HOT-May2026
Cgs electrical services,Cgs electrical services,Woolwich,,,"electrician,revenuedrive,hot-priority,no-website,may2026",RevenueDrive-HOT-May2026
Bronks Electrical Services,Bronks Electrical Services,Woolwich,,,"electrician,revenuedrive,hot-priority,no-website,may2026",RevenueDrive-HOT-May2026
The Power Service,The Power Service,Woolwich,,,"electrician,revenuedrive,hot-priority,no-website,may2026",RevenueDrive-HOT-May2026
Starlight Electrical Abaco Electrical,Starlight Electrical Abaco Electrical,Loughton,,,"electrician,revenuedrive,hot-priority,no-website,may2026",RevenueDrive-HOT-May2026
County Park Electrical Services,County Park Electrical Services,Hornchurch,,,"electrician,revenuedrive,hot-priority,no-website,may2026",RevenueDrive-HOT-May2026
All Landlord Certificates LTD,All Landlord Certificates LTD,London,,,"electrician,revenuedrive,hot-priority,no-website,may2026",RevenueDrive-HOT-May2026
Electric Works London,Electric Works London,London,,,"electrician,revenuedrive,hot-priority,no-website,may2026",RevenueDrive-HOT-May2026
CLN Electrical,CLN Electrical,Essex,,,"electrician,revenuedrive,hot-priority,no-website,may2026",RevenueDrive-HOT-May2026
Hyde Electrical Services Ltd,Hyde Electrical Services Ltd,London,,,"electrician,revenuedrive,hot-priority,no-website,may2026",RevenueDrive-HOT-May2026
David Baptiste,David Baptiste,London,,,"electrician,revenuedrive,hot-priority,no-website,may2026",RevenueDrive-HOT-May2026
LND Construction Services Ltd,LND Construction Services Ltd,London,,,"electrician,revenuedrive,hot-priority,no-website,may2026",RevenueDrive-HOT-May2026
electrical matters,electrical matters,London,,,"electrician,revenuedrive,hot-priority,no-website,may2026",RevenueDrive-HOT-May2026
Andy Walsh,Andy Walsh,London,,,"electrician,revenuedrive,hot-priority,no-website,may2026",RevenueDrive-HOT-May2026
Al-Amin Electrical,Al-Amin Electrical,London,,,"electrician,revenuedrive,hot-priority,no-website,may2026",RevenueDrive-HOT-May2026
Neil Rowland,Neil Rowland,London,,,"electrician,revenuedrive,hot-priority,no-website,may2026",RevenueDrive-HOT-May2026
Faraday Engineering Limited,Faraday Engineering Limited,London,,,"electrician,revenuedrive,hot-priority,no-website,may2026",RevenueDrive-HOT-May2026
LiveWire,LiveWire,London,,,"electrician,revenuedrive,hot-priority,no-website,may2026",RevenueDrive-HOT-May2026
SJConnolly Electrical Ltd,SJConnolly Electrical Ltd,Loughton,,,"electrician,revenuedrive,hot-priority,no-website,may2026",RevenueDrive-HOT-May2026
Envision Electrical Ltd.,Envision Electrical Ltd.,London,,,"electrician,revenuedrive,hot-priority,no-website,may2026",RevenueDrive-HOT-May2026
B Electrical London,B Electrical London,London,,,"electrician,revenuedrive,hot-priority,no-website,may2026",RevenueDrive-HOT-May2026
Oliver Russell Electrical Ltd,Oliver Russell Electrical Ltd,London,,,"electrician,revenuedrive,hot-priority,no-website,may2026",RevenueDrive-HOT-May2026
MJC Electrical & Property Services,MJC Electrical & Property Services,Woolwich,,,"electrician,revenuedrive,hot-priority,no-website,may2026",RevenueDrive-HOT-May2026
NWL Builders,NWL Builders,Woolwich,,,"electrician,revenuedrive,hot-priority,no-website,may2026",RevenueDrive-HOT-May2026
mjc electrical services,mjc electrical services,Woolwich,,,"electrician,revenuedrive,hot-priority,no-website,may2026",RevenueDrive-HOT-May2026
Lloyd Electrical Brighton LTD.,Lloyd Electrical Brighton LTD.,London,,,"electrician,revenuedrive,hot-priority,no-website,may2026",RevenueDrive-HOT-May2026
L & D Electrical Services,L & D Electrical Services,Upminster,,,"electrician,revenuedrive,hot-priority,no-website,may2026",RevenueDrive-HOT-May2026
Sesay Electrical Installation,Sesay Electrical Installation,Woolwich,,,"electrician,revenuedrive,hot-priority,no-website,may2026",RevenueDrive-HOT-May2026
R A Electricals,R A Electricals,Woolwich,,,"electrician,revenuedrive,hot-priority,no-website,may2026",RevenueDrive-HOT-May2026
Bob's Handyman Services,Bob's Handyman Services,London,,,"electrician,revenuedrive,hot-priority,no-website,may2026",RevenueDrive-HOT-May2026
C Church,C Church,Chigwell,,,"electrician,revenuedrive,hot-priority,no-website,may2026",RevenueDrive-HOT-May2026
Tack Electrical,Tack Electrical,Loughton,,,"electrician,revenuedrive,hot-priority,no-website,may2026",RevenueDrive-HOT-May2026
Able Group - Electrical,Able Group - Electrical,Woolwich,,,"electrician,revenuedrive,hot-priority,no-website,may2026",RevenueDrive-HOT-May2026
Cba Electrical Ltd,Cba Electrical Ltd,Woolwich,,,"electrician,revenuedrive,hot-priority,no-website,may2026",RevenueDrive-HOT-May2026
S Kelsey,S Kelsey,Upminster,,,"electrician,revenuedrive,hot-priority,no-website,may2026",RevenueDrive-HOT-May2026
DAA Electrical ltd,DAA Electrical ltd,London,,,"electrician,revenuedrive,hot-priority,no-website,may2026",RevenueDrive-HOT-May2026
Excel Electricians,Excel Electricians,Woolwich,,,"electrician,revenuedrive,hot-priority,no-website,may2026",RevenueDrive-HOT-May2026
C Woolf Electrical,C Woolf Electrical,Upminster,,,"electrician,revenuedrive,hot-priority,no-website,may2026",RevenueDrive-HOT-May2026
Alan Fleet,Alan Fleet,Upminster,,,"electrician,revenuedrive,hot-priority,no-website,may2026",RevenueDrive-HOT-May2026
Da Call Electrics,Da Call Electrics,Chigwell,,,"electrician,revenuedrive,hot-priority,no-website,may2026",RevenueDrive-HOT-May2026
1 Central Electricians,1 Central Electricians,Woolwich,,,"electrician,revenuedrive,hot-priority,no-website,may2026",RevenueDrive-HOT-May2026
KO Electrcial Services,KO Electrcial Services,Dartford,,,"electrician,revenuedrive,hot-priority,no-website,may2026",RevenueDrive-HOT-May2026
Atlas Electricians,Atlas Electricians,Chigwell,,,"electrician,revenuedrive,hot-priority,no-website,may2026",RevenueDrive-HOT-May2026
Meridian Construct Ltd,Meridian Construct Ltd,Chigwell,,,"electrician,revenuedrive,hot-priority,no-website,may2026",RevenueDrive-HOT-May2026
Rock-Solid Building Solutions Limited,Rock-Solid Building Solutions Limited,Chigwell,,,"electrician,revenuedrive,hot-priority,no-website,may2026",RevenueDrive-HOT-May2026
Local Electrician,Local Electrician,Dartford,,,"electrician,revenuedrive,hot-priority,no-website,may2026",RevenueDrive-HOT-May2026
VM Electrical & Maintenance,VM Electrical & Maintenance,Dartford,,,"electrician,revenuedrive,hot-priority,no-website,may2026",RevenueDrive-HOT-May2026
Electrical power solutions uk limited,Electrical power solutions uk limited,Dartford,,,"electrician,revenuedrive,hot-priority,no-website,may2026",RevenueDrive-HOT-May2026
Right spark,Right spark,Dartford,,,"electrician,revenuedrive,hot-priority,no-website,may2026",RevenueDrive-HOT-May2026
M R CARTER BUILDERS Ltd,M R CARTER BUILDERS Ltd,Woolwich,,,"electrician,revenuedrive,hot-priority,no-website,may2026",RevenueDrive-HOT-May2026
SR Electricals,SR Electricals,Chigwell,,,"electrician,revenuedrive,hot-priority,no-website,may2026",RevenueDrive-HOT-May2026
Eagle Electrical,Eagle Electrical,Dartford,,,"electrician,revenuedrive,hot-priority,no-website,may2026",RevenueDrive-HOT-May2026
Joe Bates,Joe Bates,Dartford,,,"electrician,revenuedrive,hot-priority,no-website,may2026",RevenueDrive-HOT-May2026
Supreme Electrical Limited,Supreme Electrical Limited,Brentwood,,,"electrician,revenuedrive,hot-priority,no-website,may2026",RevenueDrive-HOT-May2026
Sam Day Electrics,Sam Day Electrics,Chigwell,,,"electrician,revenuedrive,hot-priority,no-website,may2026",RevenueDrive-HOT-May2026
DEC Electrical,DEC Electrical,Upminster,,,"electrician,revenuedrive,hot-priority,no-website,may2026",RevenueDrive-HOT-May2026
M7 Electrical (London) Ltd,M7 Electrical (London) Ltd,Chigwell,,,"electrician,revenuedrive,hot-priority,no-website,may2026",RevenueDrive-HOT-May2026
Blue Flame,Blue Flame,Upminster,,,"electrician,revenuedrive,hot-priority,no-website,may2026",RevenueDrive-HOT-May2026
Aza & Sons Services,Aza & Sons Services,Chigwell,,,"electrician,revenuedrive,hot-priority,no-website,may2026",RevenueDrive-HOT-May2026
skcg electrical ltd,skcg electrical ltd,Chigwell,,,"electrician,revenuedrive,hot-priority,no-website,may2026",RevenueDrive-HOT-May2026
CIS London,CIS London,Chigwell,,,"electrician,revenuedrive,hot-priority,no-website,may2026",RevenueDrive-HOT-May2026
Perfectees,Perfectees,Chigwell,,,"electrician,revenuedrive,hot-priority,no-website,may2026",RevenueDrive-HOT-May2026
cjs electrical services,cjs electrical services,Chigwell,,,"electrician,revenuedrive,hot-priority,no-website,may2026",RevenueDrive-HOT-May2026
Installpro Bathrooms and Kitchens,Installpro Bathrooms and Kitchens,Chigwell,,,"electrician,revenuedrive,hot-priority,no-website,may2026",RevenueDrive-HOT-May2026
SGM Electrical Solutions,SGM Electrical Solutions,Chigwell,,,"electrician,revenuedrive,hot-priority,no-website,may2026",RevenueDrive-HOT-May2026
SMC Electrical,SMC Electrical,Upminster,,,"electrician,revenuedrive,hot-priority,no-website,may2026",RevenueDrive-HOT-May2026
A2Z build and fix,A2Z build and fix,Chigwell,,,"electrician,revenuedrive,hot-priority,no-website,may2026",RevenueDrive-HOT-May2026
Smart Electrix,Smart Electrix,Chigwell,,,"electrician,revenuedrive,hot-priority,no-website,may2026",RevenueDrive-HOT-May2026
SafeSpark Electricians,SafeSpark Electricians,Upminster,,,"electrician,revenuedrive,hot-priority,no-website,may2026",RevenueDrive-HOT-May2026
EQUIPE Electrical & Building Solutions Limited,EQUIPE Electrical & Building Solutions Limited,Chigwell,,,"electrician,revenuedrive,hot-priority,no-website,may2026",RevenueDrive-HOT-May2026
Scott plumb,Scott plumb,Dartford,,,"electrician,revenuedrive,hot-priority,no-website,may2026",RevenueDrive-HOT-May2026
ND Electricity,ND Electricity,Woolwich,,,"electrician,revenuedrive,hot-priority,no-website,may2026",RevenueDrive-HOT-May2026
Edgley contracting Ltd,Edgley contracting Ltd,Dartford,,,"electrician,revenuedrive,hot-priority,no-website,may2026",RevenueDrive-HOT-May2026
D C ELECTRICAL,D C ELECTRICAL,Chigwell,,,"electrician,revenuedrive,hot-priority,no-website,may2026",RevenueDrive-HOT-May2026
In-Site Plumbing & Electrical Ltd,In-Site Plumbing & Electrical Ltd,Chigwell,,,"electrician,revenuedrive,hot-priority,no-website,may2026",RevenueDrive-HOT-May2026
SJ Electrical,SJ Electrical,Woolwich,,,"electrician,revenuedrive,hot-priority,no-website,may2026",RevenueDrive-HOT-May2026
Chris Stone Ltd,Chris Stone Ltd,Chigwell,,,"electrician,revenuedrive,hot-priority,no-website,may2026",RevenueDrive-HOT-May2026
KLC,KLC,Woolwich,,,"electrician,revenuedrive,hot-priority,no-website,may2026",RevenueDrive-HOT-May2026
Mohsin ali,Mohsin ali,Woolwich,,,"electrician,revenuedrive,hot-priority,no-website,may2026",RevenueDrive-HOT-May2026
oss electrician,oss electrician,Woolwich,,,"electrician,revenuedrive,hot-priority,no-website,may2026",RevenueDrive-HOT-May2026
Approved Electrics,Approved Electrics,Chigwell,,,"electrician,revenuedrive,hot-priority,no-website,may2026",RevenueDrive-HOT-May2026
Sutlej construction ltd,Sutlej construction ltd,Woolwich,,,"electrician,revenuedrive,hot-priority,no-website,may2026",RevenueDrive-HOT-May2026
CHIGWELL LOCKSMITH LIMITED,CHIGWELL LOCKSMITH LIMITED,Chigwell,,,"electrician,revenuedrive,hot-priority,no-website,may2026",RevenueDrive-HOT-May2026
Ashtech,Ashtech,Woolwich,,,"electrician,revenuedrive,hot-priority,no-website,may2026",RevenueDrive-HOT-May2026
NICEIC,NICEIC,Upminster,,,"electrician,revenuedrive,hot-priority,no-website,may2026",RevenueDrive-HOT-May2026
BESA Electrical Services LTD,BESA Electrical Services LTD,Woolwich,,,"electrician,revenuedrive,hot-priority,no-website,may2026",RevenueDrive-HOT-May2026
Napit,Napit,Upminster,,,"electrician,revenuedrive,hot-priority,no-website,may2026",RevenueDrive-HOT-May2026
Jones Gas & Electrical Services,Jones Gas & Electrical Services,Chigwell,,,"electrician,revenuedrive,hot-priority,no-website,may2026",RevenueDrive-HOT-May2026
Bellozz Electrical Ltd,Bellozz Electrical Ltd,Dartford,,,"electrician,revenuedrive,hot-priority,no-website,may2026",RevenueDrive-HOT-May2026
Flux Electrical Services Ltd,Flux Electrical Services Ltd,Dartford,,,"electrician,revenuedrive,hot-priority,no-website,may2026",RevenueDrive-HOT-May2026
Lini Electrical Ltd,Lini Electrical Ltd,Dartford,,,"electrician,revenuedrive,hot-priority,no-website,may2026",RevenueDrive-HOT-May2026
QHH Electrical Services Ltd,QHH Electrical Services Ltd,Woolwich,,,"electrician,revenuedrive,hot-priority,no-website,may2026",RevenueDrive-HOT-May2026
JIA electrical ltd,JIA electrical ltd,Dartford,,,"electrician,revenuedrive,hot-priority,no-website,may2026",RevenueDrive-HOT-May2026
Stonewood Services,Stonewood Services,Dartford,,,"electrician,revenuedrive,hot-priority,no-website,may2026",RevenueDrive-HOT-May2026
Smiths Electrical,Smiths Electrical,Chigwell,,,"electrician,revenuedrive,hot-priority,no-website,may2026",RevenueDrive-HOT-May2026
Marko Stefa,Marko Stefa,Dartford,,,"electrician,revenuedrive,hot-priority,no-website,may2026",RevenueDrive-HOT-May2026
LENEC electrical services,LENEC electrical services,Dartford,,,"electrician,revenuedrive,hot-priority,no-website,may2026",RevenueDrive-HOT-May2026
Moonlight Maintenance Limited,Moonlight Maintenance Limited,Woolwich,,,"electrician,revenuedrive,hot-priority,no-website,may2026",RevenueDrive-HOT-May2026
Chigwell Electrical Solutions Ltd,Chigwell Electrical Solutions Ltd,Chigwell,,,"electrician,revenuedrive,hot-priority,no-website,may2026",RevenueDrive-HOT-May2026
Martelly Electrix,Martelly Electrix,Woolwich,,,"electrician,revenuedrive,hot-priority,no-website,may2026",RevenueDrive-HOT-May2026
Powerbrite Electrical LTD,Powerbrite Electrical LTD,Upminster,,,"electrician,revenuedrive,hot-priority,no-website,may2026",RevenueDrive-HOT-May2026
RADKE ELECTRICAL & RENEWABLE SERVICES LTD,RADKE ELECTRICAL & RENEWABLE SERVICES LTD,Upminster,,,"electrician,revenuedrive,hot-priority,no-website,may2026",RevenueDrive-HOT-May2026
The White M's Handyman Ltd,The White M's Handyman Ltd,Woolwich,,,"electrician,revenuedrive,hot-priority,no-website,may2026",RevenueDrive-HOT-May2026
TRM Services,TRM Services,Chigwell,,,"electrician,revenuedrive,hot-priority,no-website,may2026",RevenueDrive-HOT-May2026
Mayfair Construction,Mayfair Construction,Woolwich,,,"electrician,revenuedrive,hot-priority,no-website,may2026",RevenueDrive-HOT-May2026
DGW Electrical Services Ltd,DGW Electrical Services Ltd,Dartford,,,"electrician,revenuedrive,hot-priority,no-website,may2026",RevenueDrive-HOT-May2026
