Contact Id,First Name,Last Name,Phone,Email,Business Name,Created,Last Activity,Tags
xaeSACTLrQHM4Rf0Klan,Reliable electrical and heating hornchurch,,+447380329139,,Reliable Electrical And Heating Hornchurch,2026-05-14T15:01:55+01:00,,new-prospect-received
irYh8lpUJE3UzWXl2KhB,R.m hornchurch electrician,,+441708904079,,R.M Hornchurch Electrician,2026-05-14T15:01:55+01:00,,new-prospect-received
hpW0vRW6oU7tYYzRay06,Wall electrical contractors,,+448004118019,,Wall Electrical Contractors,2026-05-14T15:01:54+01:00,,new-prospect-received
Wq277702vYklD0OrGdIg,Q.t.u electricians hornchurch,,+442036708015,,Q.T.U Electricians Hornchurch,2026-05-14T15:01:57+01:00,,new-prospect-received
6Wrv00hS7OLHjecP4BVm,T. reed electrical services ltd,,+447590556724,,T. Reed Electrical services ltd,2026-05-14T15:01:55+01:00,,new-prospect-received
UYbz3YLgSMqV10MoKYlV,C a electrical,,+441708442146,,C A Electrical,2026-05-14T15:01:55+01:00,,new-prospect-received
5ZdrPLZogR4vMSPQxNQE,Quik wired electrians,,+442036565194,,Quik wired electrians,2026-05-14T15:01:59+01:00,,new-prospect-received
3HUAs4tFqZSYVcjdd8x1,Hornchurch electrical,,+448703121857,,Hornchurch Electrical,2026-05-14T15:02:00+01:00,,new-prospect-received
ymzlwBz85nCcJc8CCVAy,Abe's electrical contractors,,+448004118002,,Abe's Electrical Contractors,2026-05-14T15:01:58+01:00,,new-prospect-received
4EDFyf8lQNxlYqykYf0D,Bms electrical limited,,+447787420793,,BMS Electrical Limited,2026-05-14T15:02:02+01:00,,new-prospect-received
lXLAyzwJIRBE411QtFb4,Am electrical installation rewiring,,+447418356430,,AM Electrical Installation Rewiring,2026-05-14T15:01:56+01:00,,new-prospect-received
sq6swIBEdqaPh6oqncN6,South essex electricians,,+447866991237,,South Essex Electricians,2026-05-14T15:02:02+01:00,,new-prospect-received
PNWBmVQeXMcXz4QrcSBH,Smart home installation em,,+447418351922,,Smart Home Installation EM,2026-05-14T15:02:11+01:00,,new-prospect-received
DHw6HUvRkQnWxzaUTlOl,Apollo electrical services ltd,,+441708904081,,Apollo Electrical Services Ltd,2026-05-14T15:02:10+01:00,,new-prospect-received
0IONf3y6t0ysyopeg1du,Jamie port (electrical contractor),,+447940180118,,Jamie port (electrical contractor),2026-05-14T15:02:12+01:00,,new-prospect-received
p5L9u1sJE109jgOKmZhb,Bridge point electrical & maintenance,,+447955636343,,Bridge Point Electrical & Maintenance,2026-05-14T15:02:11+01:00,,new-prospect-received
P9MjpK3MZHDlV7PRdzij,Murley solutions limited,,+441708904078,,Murley Solutions Limited,2026-05-14T15:02:14+01:00,,new-prospect-received
8KzD1b3Snr7tldUuFrR9,Tucker bros. ltd,,+441708443462,,Tucker Bros. Ltd,2026-05-14T15:02:14+01:00,,new-prospect-received
1zIe59yYRCBJhXRW5kja,Vision electrical contractors ltd,,+17534137892,,Vision Electrical Contractors Ltd,2026-05-14T15:02:26+01:00,,new-prospect-received
3wQdBDxHze8EgCryLiKH,Choice electrical contractors,,+442078594312,,Choice Electrical Contractors,2026-05-14T15:02:22+01:00,,new-prospect-received
aAt0w1nNIPz18NvU23ye,Peter neal electronic services,,+441708453135,,Peter Neal Electronic Services,2026-05-14T15:02:22+01:00,,new-prospect-received
k50JIC36CjS4Ch3PsTlC,Peter neal electronic services,,,richardlkent@btinternet.com,Peter Neal Electronic Services,2026-05-14T15:02:27+01:00,,
ljpjUI2vqhvyBJ8G5tBv,A h electrical compliance ltd.,,+17914083663,,A H Electrical Compliance Ltd.,2026-05-14T15:02:25+01:00,,new-prospect-received
R2HrA62r8o1BTSHhjEuQ,S.m.d electrical services,,+441708904059,,S.M.D Electrical Services,2026-05-14T15:02:00+01:00,,new-prospect-received
UfBjUq4rUyz19m8MOsZy,Brown electrical services,,+441708904075,,Brown Electrical Services,2026-05-14T15:02:03+01:00,,new-prospect-received
KobUqF0yzYkPr1dpOWTs,W day electrics,,+447956525413,,W Day Electrics,2026-05-14T15:02:00+01:00,,new-prospect-received
59FTdKZouHPPP1gTmvUW,Elda electrical services,,+447930211382,,Elda Electrical Services,2026-05-14T15:02:00+01:00,,new-prospect-received
sGTCFoZ7O1OQSsh8GbMo,Knf electrical contractors ltd,,+17976878413,,KNF Electrical Contractors Ltd,2026-05-14T15:01:35+01:00,,new-prospect-received
0MLPKbrV5ahrvgtStk72,Electrical repair co,,+441708741222,,Electrical Repair Co,2026-05-14T15:01:13+01:00,,new-prospect-received
AagrUfFxAyft9ptNSTHq,Romford electricals ltd.,,+442036707933,,Romford Electricals Ltd.,2026-05-14T15:01:13+01:00,,new-prospect-received
PB8t1eY3dGe1MxgZEndC,Swift electrical and heating collier row,,+442036576857,,Swift Electrical And Heating Collier Row,2026-05-14T15:01:13+01:00,,new-prospect-received
wWzuyYbO7nGXTlqSVfkQ,Moises plumbing services romford,,+447727419662,,Moises Plumbing Services Romford,2026-05-14T15:01:13+01:00,,new-prospect-received
0lJ9GJkSJuVqB6oJCEOQ,Phos electrical services ltd,,+447933274311,,Phos Electrical Services LTD,2026-05-14T15:01:15+01:00,,new-prospect-received
cBz6IpTDm1wEViffSCXe,Laws electrical,,+447957470384,,Laws electrical,2026-05-14T15:01:14+01:00,,new-prospect-received
up0LEer8qC52PN9r8l0t,Electrical repair co,,,electricalrepaircoltd@yahoo.co.uk,Electrical Repair Co,2026-05-14T15:01:18+01:00,,
bD0FBPEwuGtAQcL3GPMX,Electrical repair co,,,electricalrepairltd@yahoo.co.uk,Electrical Repair Co,2026-05-14T15:01:18+01:00,,
ZaEnsHBa1UzwuFVeWSRJ,Prime electricians,,+17462646363,,Prime Electricians,2026-05-14T15:01:27+01:00,,new-prospect-received
P5qSUVMw7bdJGLSfsMMG,Yam electrical limited,,+17939399651,,YAM electrical limited,2026-05-14T15:01:35+01:00,,new-prospect-received
4wO19YXbAdNNB62dq7HA,Paul,Oliva,,pauloliva@bowmite.com,Bowmite Electrical & Mechanical Ltd,2026-05-14T14:55:15+01:00,,
a3i84wY3BLEc4zkGr8PN,Ms electronics ltd,,,techsupport@mselectronics.co.uk,MS Electronics Ltd,2026-05-14T14:56:06+01:00,,
R7ggSOrfqD9lUlFGebmC,Affinity electrical ltd,,+441708449110,,Affinity Electrical Ltd,2026-05-14T14:55:23+01:00,,new-prospect-received
TAIlK5N90G9ItYWu5uq0,Ridgewell electrical services,,+17842245801,,Ridgewell Electrical Services,2026-05-14T14:55:23+01:00,,new-prospect-received
UvSznAoGEbgXq1SqCzEc,Jessica,Rayner,+447932413102,,T.E.J Domestic Appliances Ltd,2026-05-14T14:55:23+01:00,,
CsAGc1lYPTG7nK6BLzJU,Louise,Ba,+447920231268,louellison@gmail.com,T.E.J Domestic Appliances Ltd,2026-05-14T14:55:24+01:00,,
W8gHVZxDjaPfYoYZCKTk,T.e.j domestic appliances ltd,,+441708447752,,T.E.J Domestic Appliances Ltd,2026-05-14T14:55:23+01:00,,new-prospect-received
Tk2eeR1MeSR3zPpSk76w,Ms electronics ltd,,+441708448566,,MS Electronics Ltd,2026-05-14T14:55:27+01:00,,new-prospect-received
ycbrH4XpCfby9BIRBC1a,T.e.j domestic appliances ltd,,+441264320504,,T.E.J Domestic Appliances Ltd,2026-05-14T14:55:34+01:00,,
orjopMji095pALV5fIGM,Martin,Darnell,,martindarnell@bowmite.com,Bowmite Electrical & Mechanical Ltd,2026-05-14T14:55:15+01:00,,
g2HIk6IlzeW5jwBvPvdL,Tony brooks electrics,,,tony@tbelectrics.co.uk,Tony Brooks Electrics,2026-05-14T14:55:15+01:00,,
4EBVAb81z0IaEi0C2JBj,Circle 21 electrical,,+18885781077,,Circle 21 Electrical,2026-05-14T14:55:16+01:00,,
bHbLk1elLBQwYDiaX2V3,Ms electronics ltd,,,sales@mselectronics.co.uk,MS Electronics Ltd,2026-05-14T14:56:06+01:00,,
dkfrcLN8bI7tY9u8G2qj,Van-dixon electrical,,,orders@vandixonelec.com,Van-Dixon Electrical,2026-05-14T14:55:19+01:00,,
ulYVsJi900LGxF8eEbml,Xpress,,+443449470956,,Xpress,2026-05-14T14:55:20+01:00,,new-prospect-received
tT4RP7nVLoWycuAwXukW,Bowmite electrical & mechanical ltd,,,admin@bowmite.com,Bowmite Electrical & Mechanical Ltd,2026-05-14T14:55:21+01:00,,
gYune6e9dj7TuzOQn3Tt,Bowmite electrical & mechanical ltd,,+441708471909,,Bowmite Electrical & Mechanical Ltd,2026-05-14T14:55:21+01:00,,
UF2LXM1dqfJsaeUAJkQ8,Jj lawrence electrical ltd,,+447519143377,,JJ Lawrence Electrical Ltd,2026-05-14T14:55:23+01:00,,new-prospect-received
6kfVzPhUCCrU3C3XwJg9,Woody,Hennekam,,woody.hennekam@euronics.co.uk,T.E.J Domestic Appliances Ltd,2026-05-14T14:55:24+01:00,,
uQmWnUxmGLKhxITtJd7B,Amoni power solutions,,+17497142978,,Amoni Power Solutions,2026-05-14T14:55:24+01:00,,new-prospect-received
5uPLdhHMP7nCWlKwcjDu,Sartie electrical services ltd,,+17981103867,,Sartie Electrical Services Ltd,2026-05-14T14:55:26+01:00,,new-prospect-received
EAu5TgboHonksfxzovfl,Goulding electrical services ltd,,+447831613367,,Goulding Electrical Services Ltd,2026-05-14T14:55:23+01:00,,new-prospect-received
tAF3pkRdqbCgDaeA4O74,Ridgewell electrical services,,,info@ridgewell-electrical.co.uk,Ridgewell Electrical Services,2026-05-14T14:55:28+01:00,,
B8GszaX5XsSNohKMjDRl,Sue,Treadway,,sue.treadway@mselectronics.co.uk,MS Electronics Ltd,2026-05-14T14:55:28+01:00,,
akTCXVZiOqfs0ndjMAmF,Amoni power solutions,,,office@voltedge.com,Amoni Power Solutions,2026-05-14T14:55:35+01:00,,
f1RXkbGUtXUrgrQupR9c,Amoni power solutions,,,services@amonipowersolutions.co.uk,Amoni Power Solutions,2026-05-14T14:55:36+01:00,,
K4qjX8rZoZ1JULyfTtDi,Amoni power solutions,,+447497142978,,Amoni Power Solutions,2026-05-14T14:55:36+01:00,,
WIO1W5kvngXSccGpfcMt,4sure electrical services,,+17931714984,,4sure Electrical Services,2026-05-14T14:55:38+01:00,,new-prospect-received
WHvrfCbtFiymeoFmk5vz,Wad services limited,,+11268975317,,Wad services limited,2026-05-14T14:55:37+01:00,,new-prospect-received
swDN9Ep2Btu3STyyAVEu,Jj lawrence electrical ltd,,,sales@jjl-electrical.co.uk,JJ Lawrence Electrical Ltd,2026-05-14T14:55:42+01:00,,
g33jxQYj4vu2V6Wbvt9T,Sartie electrical services ltd,,+447981103867,,Sartie Electrical Services Ltd,2026-05-14T14:55:42+01:00,,
3sirlppYruAGonmyXj0I,Bill eps ltd,,+447984595182,,Bill EPS LTD,2026-05-14T14:59:20+01:00,,new-prospect-received
DsCXPD2h7kySFb5gfgqE,Mrh electrical services limited,,+447428545907,,MRH Electrical Services Limited,2026-05-14T14:59:23+01:00,,new-prospect-received
UewsQOnj7zu8v2PhSgiR,Reeves electrical wholesalers (havering) ltd,,+441708765337,,Reeves Electrical Wholesalers (Havering) Ltd,2026-05-14T14:59:23+01:00,,new-prospect-received
bjuekpiJKAkERKsTbRc7,Elecsafe uk contractors,,+447984661515,,ELECSAFE UK CONTRACTORS,2026-05-14T14:59:30+01:00,,new-prospect-received
atQktuIGYyJTGjHPb42X,Hybrid electrical ltd,,+442039210164,,Hybrid Electrical ltd,2026-05-14T14:59:31+01:00,,new-prospect-received
fn6wkpzAXvLe3sXxBVYW,Romford electrical control room,,+441708730292,,Romford Electrical control room,2026-05-14T14:59:31+01:00,,new-prospect-received
G2DZ7QKRoqOQlVUPQmto,Rexel romford,,+441708374216,,Rexel Romford,2026-05-14T14:59:32+01:00,,new-prospect-received
UGU3Rnv6iTDKIhcChwK1,Dominique,Cotton,+447966936987,dominique.cotton@rexel.co.uk,Rexel Exeter,2026-05-14T14:59:33+01:00,,
GTBwG24OFoV9i4cpAQmH,Andy,Hinks,+447766726065,andy.hinks@rexel.co.uk,Rexel Exeter,2026-05-14T14:59:33+01:00,,
KkhrbxDXhwUFCl9KdsbE,Paige,Craven,+15738872128,,Rexel Exeter,2026-05-14T14:59:34+01:00,,
8QQqo270hSameS5KvDV4,Rush green electrical and heating services,,+447700153988,,Rush Green Electrical And Heating Services,2026-05-14T15:00:18+01:00,,new-prospect-received
Gl3KNv4YN4DOm5cSmhcl,Continuity electrical ltd,,+17976384482,,Continuity Electrical Ltd,2026-05-14T14:59:56+01:00,,new-prospect-received
ePJ6f23zKukxSPksrQ4j,K&d electrical services ltd,,+447983383745,,K&D Electrical Services Ltd,2026-05-14T14:58:43+01:00,,new-prospect-received
XTJkgix40zhgr9f3JSXP,Electrician romford - j burton electrical ltd,,+447769223108,,Electrician Romford - J Burton Electrical Ltd,2026-05-14T14:58:47+01:00,,new-prospect-received
wQm25FKzqhhuDSRujXyH,Safespark electricians,,+17951926345,,SafeSpark Electricians,2026-05-14T14:58:50+01:00,,new-prospect-received
mO9oST4VbpI8bSes4ocW,Mo power electrical,,+12038320400,,Mo Power Electrical,2026-05-14T14:58:51+01:00,,new-prospect-received
5Bkzlr8toOgitlMs1pBK,Pro electrical and heating romford,,+442038157539,,Pro Electrical And Heating Romford,2026-05-14T14:58:48+01:00,,new-prospect-received
9WJiomLRtXQqRRscTynf,Alfie electric services ltd,,+447766139955,,ALFIE ELECTRIC SERVICES LTD,2026-05-14T14:58:53+01:00,,new-prospect-received
AeVfgCtbHtPpbEl2y2cp,City electrical factors ltd (cef),,+441708476401,,City Electrical Factors Ltd (CEF),2026-05-14T14:59:18+01:00,,new-prospect-received
6jyQUlNzLVst2nGe4iAh,Marches electrical services romford,,+441708904076,,Marches Electrical Services Romford,2026-05-14T14:59:19+01:00,,new-prospect-received
SNkJdqv6RY0qQCnhRkKZ,Arch electrical services ltd,,+447986663793,,Arch Electrical Services Ltd,2026-05-14T14:58:47+01:00,,new-prospect-received
GiopzhWsGp67QtkUS8CL,Rt electrical contractors ltd,,+447946892356,,Rt electrical contractors ltd,2026-05-14T14:58:55+01:00,,new-prospect-received
Ox08leOSQRyz7ZeGn593,Local solutions - essex,,+441708904071,,Local Solutions - Essex,2026-05-14T14:58:55+01:00,,new-prospect-received
LEKnX084FfEENp4GtXZw,Natpowa electrics ltd,,+447961763958,,Natpowa Electrics Ltd,2026-05-14T14:59:02+01:00,,new-prospect-received
o0ElBi3Z8rP0LAceViaK,Rkp electrical,,+447827303827,,RKP Electrical,2026-05-14T14:58:36+01:00,,new-prospect-received
aq0Z48k1oim9H1HuxsbP,D & s electrical ltd,,+441708443999,,D & S Electrical Ltd,2026-05-14T14:59:05+01:00,,new-prospect-received
vXOpAnXw4WQIUdPHlenw,Grout electrical limited,,+447855520269,,Grout Electrical Limited,2026-05-14T14:59:06+01:00,,new-prospect-received
39YRFeOlOmz4Zw6nEqdA,Illuminate electrical solutions,,+447872551616,,Illuminate Electrical Solutions,2026-05-14T14:59:09+01:00,,new-prospect-received
yfm0TeyHe5kzdmetRKXE,Affordable electrical and heating romford,,+447428370674,,Affordable Electrical And Heating Romford,2026-05-14T14:59:11+01:00,,new-prospect-received
8tdnQScsFh10gFkn2NAb,Stone services electrician hornchurch,,+17908203297,,Stone services electrician hornchurch,2026-05-14T15:02:48+01:00,,new-prospect-received
7wkZQNtEXo6Xr2fTm0fH,Logic electrical services,,+17763803782,,LOGIC electrical services,2026-05-14T15:02:35+01:00,,new-prospect-received