Opportunity Name,Contact Name,phone,email,pipeline,stage,Lead Value,source,assigned,Created on,Updated on,lost reason ID,lost reason name,Followers,Notes,tags,status,Opportunity ID,Contact ID,Pipeline Stage ID,Pipeline ID
Gareth Mahon,Gareth Mahon,+447532371197,garethfwmahon@outlook.com,001. Retail & R2R Buyers Pipeline,Appointment Booked,0,facebook form lead,Olaitan Seweje,2024-09-09T14:55:23.081Z,2024-09-09T14:55:23.081Z,,,,"New FB Property Investor Lead Questions To Ask:

-What do you typically buy?
New fresh investor 

-Which areas do you typically buy?
Brixton

-Which strategy do you use?
Buy to let

-Who do you buy with?

-How do you fund purchases?
Got cash in the bank.

-Budget / How much seed capital do you have?
120K in the bank

-When are you looking to buy next?
As son as possible

-Have you worked with Sourcers before?
No
-What do you do for a living?
Not working - may go back to work

-What's your family situation? (Married, kids, car, house, etc)
Single

-Do you want to be hands-on or passive?

-What sort of returns are you looking at?
(Mortgages are about 5% Nationally, but can be as low as 2.5%. Bridging is about 12% and is generally considered very expensive lending)
-Long terms goals?
Let the property make the money.
New FB Property Investor Lead Questions To Ask:

-What do you typically buy?
-Which areas do you typically buy?
-Which strategy do you use?
-Who do you buy with?
-How do you fund purchases?
-Budget / How much seed capital do you have?
-When are you looking to buy next?
-Have you worked with Sourcers before?
-What do you do for a living?
-What's your family situation? (Married, kids, car, house, etc)
-Do you want to be hands-on or passive?
-What sort of returns are you looking at?
(Mortgages are about 5% Nationally, but can be as low as 2.5%. Bridging is about 12% and is generally considered very expensive lending)
-Long terms goals?


Additional Notes:
","lead type_property investor,optin type_fblf,meeting_booked,lead type_buyer,lead won,wait on response",open,qNmUPe3rTwEYeL8Fd9Cs,AA4PBtYcoyzXyIV2XMGr,5b9b2495-46a8-4a2e-a672-910ca68b52c1,N8tJZnW9YL70Z9xU4ycd
Harun Kaya,Harun Kaya,+447801598600,kayakral68@gmail.com,001. Retail & R2R Buyers Pipeline,Appointment Booked,0,facebook form lead,Olaitan Seweje,2024-09-09T00:19:02.344Z,2024-09-09T00:19:02.344Z,,,,"New FB Property Investor Lead Questions To Ask:

-What do you typically buy?
-Which areas do you typically buy?
-Which strategy do you use?
-Who do you buy with?
-How do you fund purchases?
-Budget / How much seed capital do you have?
-When are you looking to buy next?
-Have you worked with Sourcers before?
-What do you do for a living?
-What's your family situation? (Married, kids, car, house, etc)
-Do you want to be hands-on or passive?
-What sort of returns are you looking at?
(Mortgages are about 5% Nationally, but can be as low as 2.5%. Bridging is about 12% and is generally considered very expensive lending)
-Long terms goals?


Additional Notes:
","lead type_property investor,optin type_fblf,lead won,meeting_booked,lead type_buyer,wait on response",open,DrTwbKEVsn3V3ikV0fV1,FTG3bF680tEKnms4TK5j,5b9b2495-46a8-4a2e-a672-910ca68b52c1,N8tJZnW9YL70Z9xU4ycd
Nilam Mukthar,nilam mukthar,+447581047860,noorulnilam@gmail.com,001. Retail & R2R Buyers Pipeline,Appointment Booked,0,buyers survey,,2024-09-07T14:52:40.598Z,2024-09-07T14:52:40.598Z,,,,"New FB Property Investor Lead Questions To Ask:

-What do you typically buy?
1st Time to buy for his company

-Which areas do you typically buy?
Across UK. Avoiding London if possible.

-Which strategy do you use?
Happy to do a refurb

-Who do you buy with?
None.

-How do you fund purchases?
Mortgage

-Budget / How much seed capital do you have?
300k

-When are you looking to buy next?
Now and 3 months

-Have you worked with Sourcers before?|
No

-What do you do for a living?
Owns a construction company

-What's your family situation? (Married, kids, car, house, etc)
-Do you want to be hands-on or passive?
-What sort of returns are you looking at?
(Mortgages are about 5% Nationally, but can be as low as 2.5%. Bridging is about 12% and is generally considered very expensive lending)
-Long terms goals?
Will maybe buy more after this.
","meeting_booked,lead type_buyer,lead won",open,d5O3Sw28Dy4W1uigQ70w,M2WDglbLlOKzagd5QpFG,5b9b2495-46a8-4a2e-a672-910ca68b52c1,N8tJZnW9YL70Z9xU4ycd
Test Maybe,Test Maybe,+447588033177,,001. Retail & R2R Buyers Pipeline,Lead,0,,,2024-09-06T21:02:13.158Z,2024-09-06T21:02:13.158Z,,,,,,open,srRrfhclV8QZtlpgTMYS,HKLkVyRChDtpn18pke9A,f1365861-d1aa-4e68-b4ad-c62e8670ead9,N8tJZnW9YL70Z9xU4ycd
Ola,Ola,+447588033211,comfort@gmail.com,001. Retail & R2R Buyers Pipeline,Lead,0,contact us form,,2024-08-21T18:52:26.854Z,2024-09-06T21:01:20.659Z,,,,,,open,kUDiaF54ETTUbQeQbMp9,OswQ999hmdBng45WugMJ,f1365861-d1aa-4e68-b4ad-c62e8670ead9,N8tJZnW9YL70Z9xU4ycd