Transaction Date,Transaction Type,Sort Code,Account Number,Transaction Description,Debit Amount,Credit Amount,Balance,
09/07/2025,,'30-14-24,00125908,FPC/200000001587500297 301424     10 ARETE LETTINGS LTD LOAN PAYMENT ,,259.60,-3416.71
30/06/2025,,'30-14-24,00125908,CONTRA ENTRY ,259.60,,-3676.31
30/06/2025,,'30-14-24,00125908,INTEREST TO 26 JUN ,28.90,,-3416.71
30/06/2025,,'30-14-24,00125908,PAYT - 301424 30891768 ,,259.60,-3387.81
30/05/2025,,'30-14-24,00125908,INTEREST TO 28 MAY ,31.99,,-3647.41
30/05/2025,,'30-14-24,00125908,PAYT - 301424 30891768 ,,259.61,-3615.42
30/04/2025,,'30-14-24,00125908,INTEREST TO 28 APR ,36.83,,-3875.03
30/04/2025,,'30-14-24,00125908,PAYT - 301424 30891768 ,,259.92,-3838.20
31/03/2025,,'30-14-24,00125908,INTEREST TO 27 MCH ,34.03,,-4098.12
31/03/2025,,'30-14-24,00125908,PAYT - 301424 30891768 ,,260.09,-4064.09
03/03/2025,,'30-14-24,00125908,INTEREST TO 27 FEB ,38.42,,-4324.18
03/03/2025,,'30-14-24,00125908,PAYT - 301424 30891768 ,,260.10,-4285.76
30/01/2025,,'30-14-24,00125908,INTEREST TO 28 JAN ,45.17,,-4545.86
30/01/2025,,'30-14-24,00125908,PAYT - 301424 30891768 ,,260.42,-4500.69
30/12/2024,,'30-14-24,00125908,INTEREST TO 26 DEC ,40.12,,-4761.11
30/12/2024,,'30-14-24,00125908,PAYT - 301424 30891768 ,,260.59,-4720.99
02/12/2024,,'30-14-24,00125908,INTEREST TO 28 NOV ,46.49,,-4981.58
02/12/2024,,'30-14-24,00125908,PAYT - 301424 30891768 ,,260.53,-4935.09
30/10/2024,,'30-14-24,00125908,INTEREST TO 28 OCT ,50.90,,-5195.62
30/10/2024,,'30-14-24,00125908,PAYT - 301424 30891768 ,,260.99,-5144.72
30/09/2024,,'30-14-24,00125908,INTEREST TO 26 SEP ,47.83,,-5405.71
30/09/2024,,'30-14-24,00125908,PAYT - 301424 30891768 ,,261.10,-5357.88
30/08/2024,,'30-14-24,00125908,INTEREST TO 28 AUG ,53.13,,-5618.98
30/08/2024,,'30-14-24,00125908,PAYT - 301424 30891768 ,,261.05,-5565.85
30/07/2024,INT,'30-14-24,00125908,INTEREST TO 28 JLY ,56.29,,-5826.90
