Licenced Address Line 2,Licenced Address Line 3,Licenced Address Line 4,Licenced Address Line 5,Licenced Address Post Code,Licence Holder Title,Licence Holder Given Name,Licence Holder Family Name,Licence Holder Organisation Name,Max Occupants Allowed,Licensing Event:   Commencement Date,Licensing Event:   Termination Date
,,,,,,,,,,,
,,,,,,,,,,,
94,London Road,Sittingbourne,Kent,ME10 1NS,Mr,Hardev,Singh,Hansram Property Ltd,13,24/08/2015,24/08/2020
32,Millfield,Sittingbourne,Kent,ME10 4TR,Mr ,S,Popat,Honeywell Property Investments Ltd,5,21/01/2017,23/01/2021
63,Marine Parade,Sheerness,Kent,ME12 2BD,Mrs,Vivienne,Hudson,,7,29/12/2016,29/12/2021
63,Alma  Road,Sittingbourne,Kent,ME12 2PA,Mrs,Lynne,Creed,,8,31/07/2017,31/07/2022
11,Alma  Road,Sittingbourne,Kent,ME12 2PA,Mr,Harjeet,Biant,Biant Investments ltd,10,20/03/2015,20/03/2020
30,All Saints,Sittingbourne,Kent,ME10 3PB,Mr ,S,Popat,Honeywell Property Investments Ltd,5,31/11/2016,31/11/2021
66,All Saints,Sittingbourne,Kent,ME10 3PB,Mr ,S,Popat,Honeywell Property Investments Ltd,5,31/11/2016,31/11/2021
171,London Road,Sittingbourne,Kent,ME10 1PA,,,,Edward Milton Properties Ltd,5,14/12/2017,14/12/2022
2,Johnson Road,Sittingbourne,Kent,ME10 1JS,Mr,C,Branch,The Symbol Trust,6,28/06/2019,28/06/2024
113,Minster Road,Minster,Kent,ME12 3JH,Mr,C,Branch,The Symbol Trust,6,02/07/2019,03/07/2024
10,Park Road,Sittingbourne,Kent,ME10 1DR,,,,Morning Star Holdings Limited,5,04/07/2019,05/07/2024
25,Peregrine Drive,Sittingbourne,Kent,ME10 4TZ,Mr,G,De-Negri,Paramount Independent Property Services LLP,5,09/07/2019,10/07/2024
48,Peregrine Drive,Sittingbourne,Kent,ME10 4UG,Mrs,S ,Nuttall,Edward Milton Properties Ltd,5,17/07/2019,18/07/2024
Mill House,Salters Lane,Faversham,Kent,ME13 8ND,Mr,S,Francis,,22,22/06/2019,23/06/2024
189,Chalkwell Road,Sittingbourne,Kent ,ME10 1BJ,Mrs,J,Colenutt,Nutt Properties Limited,6,27/07/2019,28/07/2024
105,Chalkwell Road,Sittingbourne,Kent,ME10 2LP,Mr,S,Kavanagh,Mullingar Homes Limited,6,27/04/2019,28/04/2024
130,Millfield,Sittingbourne,Kent,ME10 4TP,Mr,G,De-Negri,Paramount Independent Property Services LLP,5,27/07/2019,28/07/2024
14,Lammas Drive,Sittingbourne,Kent,ME10 2DR,Mrs,S,Nuttall,Edward Milton Property Limited,6,19/07/2019,20/07/2024
2,Delamark Road,Sheerness,Kent,ME12 1RB,Lady,V ,Simpson,,5,13/09/2019,14/09/2024
92,Alma Road,Sheerness,Kent,ME12 2PD,Lady,V,Simpson,,6,17/09/2019,18/09/2024
127,London Road,Sittingbourne,Kent,ME10 1NR,Mr,A,Gungah,Quiddity Group,6,20/08/2019,21/08/2024
62,Marine Parade,Sheerness,Kent,ME12 2BD,Mr,I,Batten,,6,06/12/2019,07/12/2024
Hempstead Farm,Hempstead Lane,Tonge,Kent,ME9 9BJ,Mr,T,Malpas,G.H. Dean &Co. Ltd,6,19/02/2020,20/02/2021
66,Vincent Gardens,Sheerness,Kent,ME12 1XX,Mr,D,White,Beta Property Investments Limited,5,25/02/2020,26/02/2025
22,St Georges Avenue,Sheerness,Kent ,ME12 1QX,Mr,R,McColl,Alliance Property Solutions Limited,6,27/02/2020,28/02/2025
45,Lynmouth Drive,Minster,Kent,ME12 2HT,Mrs,C,Randall,,5,05/06/2020,06/06/2025
15-17,Alma Road,Sheerness,Kent,ME12 2NZ,Mr,M,Ramdeo,Your Life Care Group Limited,6,10/03/2020,11/03/2021
119,Jefferson Road,Sheerness,Kent,ME12 2PX,Mr ,D,White,Beta Property Investments Limited,5,03/07/2020,04/07/2025
95,Jefferson Road,Sheerness,Kent,ME12 2PX,Mr ,K,Greenyer,GBE Developments Limited,5,03/07/2020,04/07/2025
11,Alma Road,Sheerness,Kent,ME12 2NZ,Mr ,L ,Curtis,Harsca Properties Limited,10,19/07/2020,19/07/2025
