Transaction Date,Transaction Type,Sort Code,Account Number,Transaction Description,Debit Amount,Credit Amount,Balance
01/07/2022,FPO,'30-96-26,75218660,AMERICAN EXPRESS G 200000000956056423 374208443581001 300000     10 01JUL22 10:59,200.00,,222.26
28/06/2022,DD,'30-96-26,75218660,TDC REV DD 1331327X,62.69,,422.26
27/06/2022,DEB,'30-96-26,75218660,E.ON NEXT CD 7419,200.00,,484.95
27/06/2022,FPO,'30-96-26,75218660,AMERICAN EXPRESS G 300000000959894143 374208443581001 300000     10 26JUN22 12:15,200.00,,684.95
27/06/2022,FPO,'30-96-26,75218660,KLS TAX & ACCOUNTI 500000000956419512 121 309626     10 25JUN22 21:34,200.00,,884.95
27/06/2022,DEB,'30-96-26,75218660,TRADE UK CD 7419    25JUN22,63.08,,1084.95
23/06/2022,FPI,'30-96-26,75218660,KAROL TALAREK SENT FROM MONZO P4YT1AWS8Y7QIVSDFZ 040004     10 23JUN22 11:27,,1100.00,1148.03
15/06/2022,DD,'30-96-26,75218660,E.ON NEXT A-3F85B23C-001,20.55,,48.03
13/06/2022,FPI,'30-96-26,75218660,ARETE PROPERTY SOL REFERENCE - TIDE f88c5abfecfa4de88f 040605     10 11JUN22 07:43,,104.00,68.58
10/06/2022,DD,'30-96-26,75218660,BRITISH GAS BGX000319674-87591,35.00,,-35.42
09/06/2022,CHG,'30-96-26,75218660,RETURNED D/D,7.00,,-.42
09/06/2022,DEB,'30-96-26,75218660,NOW X5820 Ents CD 7518,9.99,,6.58
30/05/2022,FPI,'30-96-26,75218660,SEWEJE O D ALEX PAYMENT RP4679962564141200 206790     10 30MAY22 07:55,,100.00,16.57
30/05/2022,DD,'30-96-26,75218660,TDC REV DD 1331327X,119.61,,-83.43
30/05/2022,DEB,'30-96-26,75218660,E.ON NEXT CD 7419    29MAY22,100.00,,36.18
30/05/2022,DEB,'30-96-26,75218660,SEQUENCE UK CA EAS CD 7419    28MAY22,600.00,,136.18
30/05/2022,FPI,'30-96-26,75218660,SEWEJE O D ALEX PAYMENT RP4679962414279100 206790     10 28MAY22 16:57,,50.00,736.18
27/05/2022,FPO,'30-96-26,75218660,MAGNET LTD 100000000938448099 104849895 606005     10 27MAY22 21:05,544.75,,686.18
27/05/2022,FPI,'30-96-26,75218660,SEWEJE O D MAGNET BIZ LOAN RP4679962303945000 206790     10 27MAY22 19:45,,400.00,1230.93
27/05/2022,DEB,'30-96-26,75218660,AMERICAN EXPRESS CD 7419,600.00,,830.93
26/05/2022,FPI,'30-96-26,75218660,KAROL TALAREK SENT FROM MONZO PZCH1WHG1TZ86NOQMS 040004     10 26MAY22 16:25,,1100.00,1430.93
23/05/2022,FPO,'30-96-26,75218660,DANIEL 300000000942743406 22 MARIA ST 202536     10 23MAY22 22:10,65.00,,330.93
16/05/2022,DD,'30-96-26,75218660,E.ON NEXT A-3F85B23C-001,20.55,,395.93
10/05/2022,DEB,'30-96-26,75218660,TRADE UK CD 7518,553.38,,416.48
10/05/2022,FPO,'30-96-26,75218660,OLAITAN SEWEJE 400000000937606368 DIR LOAN REPAYING 206790     10 10MAY22 06:02,300.00,,969.86
10/05/2022,DD,'30-96-26,75218660,BRITISH GAS BGX000319674-87591,35.00,,1269.86
09/05/2022,DEB,'30-96-26,75218660,NOW 9777C Ents CD 7518,9.99,,1304.86
09/05/2022,DEB,'30-96-26,75218660,Magnet_Credit Cont CD 7518    07MAY22,300.00,,1314.85
05/05/2022,TFR,'30-96-26,75218660,ARETE LETTINGS LTD 301424 30891768,,1600.00,1614.85
03/05/2022,,'30-96-26,75218660,RETURNED DD,,553.38,14.85
03/05/2022,DD,'30-96-26,75218660,SCREWFIX DIRECT LT 6331640023216948,553.38,,-538.53
03/05/2022,DEB,'30-96-26,75218660,B&M 018 - CHARLTON CD 7518    01MAY22,22.16,,14.85
19/04/2022,FPO,'30-96-26,75218660,K J TALAREK 100000000918542298 MARIA 4.5 207291     10 19APR22 20:38,200.00,,37.01
19/04/2022,FPI,'30-96-26,75218660,SEWEJE O D ALEX PAYMENT RP4679967177212700 206790     10 19APR22 20:37,,200.00,237.01
19/04/2022,FPI,'30-96-26,75218660,SEWEJE O D ALEX PAYMENT RP4679967172741400 206790     10 19APR22 19:54,,50.00,37.01
19/04/2022,DEB,'30-96-26,75218660,ASDA SUPERSTORE CD 7518,44.00,,-12.99
19/04/2022,DD,'30-96-26,75218660,E.ON NEXT A-3F85B23C-001,20.55,,31.01
19/04/2022,DEB,'30-96-26,75218660,OPENRENT ADVERTISI CD 7518    18APR22,29.00,,51.56
19/04/2022,TFR,'30-96-26,75218660,ARETE LETTINGS LTD 301424 30891768 18APR22,50.00,,80.56
19/04/2022,DEB,'30-96-26,75218660,B & Q 1255 CD 7518    17APR22,82.46,,130.56
19/04/2022,DEB,'30-96-26,75218660,SGBD SALES LEDGER CD 7518    15APR22,1000.00,,213.02
14/04/2022,FPO,'30-96-26,75218660,K J TALAREK 300000000923034966 MARIA 5 207291     10 14APR22 16:19,300.00,,1213.02
13/04/2022,FPO,'30-96-26,75218660,INSIDE AND OUT 300000000922589449 22 MARIA STREET 122482     10 13APR22 23:03,240.00,,1513.02
13/04/2022,DEB,'30-96-26,75218660,Magnet_Credit Cont CD 7419,800.00,,1753.02
12/04/2022,FPI,'30-96-26,75218660,I OLARINDE DIRECTORS LOAN 500000000918504551 111084     10 12APR22 11:35,,1200.00,2553.02
11/04/2022,CHG,'30-96-26,75218660,UNAUTH'D BORR. FEE,15.00,,1353.02
11/04/2022,DD,'30-96-26,75218660,BRITISH GAS BGX000319674-87591,35.00,,1368.02
11/04/2022,FPI,'30-96-26,75218660,I OLARINDE DIRECTORS LOAN 500000000917509241 111084     10 10APR22 08:57,,1000.00,1403.02
11/04/2022,DEB,'30-96-26,75218660,NOW 3B44F Ents CD 7518    09APR22,9.99,,403.02
08/04/2022,DEB,'30-96-26,75218660,B&M 496 - HS DOVER CD 7518,269.07,,413.01
06/04/2022,DEB,'30-96-26,75218660,B&M 502 - THURROCK CD 7518,31.98,,682.08
01/04/2022,DD,'30-96-26,75218660,SCREWFIX DIRECT LT 6331640023216948,295.00,,714.06
31/03/2022,FPO,'30-96-26,75218660,OMOBOLANLE OLADEJO 300000000915626920 OLA 070436     10 31MAR22 18:18,500.00,,1009.06
30/03/2022,DEB,'30-96-26,75218660,POST OFFICE COUNTE CD 7518,2.25,,1509.06
29/03/2022,DEB,'30-96-26,75218660,TLC SOUTHERN CD 7518,29.51,,1511.31
29/03/2022,DEB,'30-96-26,75218660,eBay O*14-08369-72 CD 7419,,40.65,1540.82
28/03/2022,DEB,'30-96-26,75218660,CORRINGHAM MOTORIN CD 7518    27MAR22,22.71,,1500.17
25/03/2022,FPO,'30-96-26,75218660,K J TALAREK 300000000912437569 MARIA 5 207291     10 25MAR22 17:03,500.00,,1522.88
25/03/2022,FPI,'30-96-26,75218660,IFEOLUWAPO OLARIND DIRECTOR LOAN 00151522632BBTFZJP 090128     10 25MAR22 16:54,,2000.00,2022.88
23/03/2022,DEB,'30-96-26,75218660,POUNDLAND LTD 1027 CD 7518,2.20,,22.88
22/03/2022,DEB,'30-96-26,75218660,COUNTY SKIPS LIMIT CD 7518,260.00,,25.08
21/03/2022,DEB,'30-96-26,75218660,BOILER CARE CD 7518    19MAR22,210.00,,285.08
21/03/2022,DEB,'30-96-26,75218660,TOP TASTE AUTHENTI CD 7518    19MAR22,9.00,,495.08
18/03/2022,CPT,'30-96-26,75218660,LNK COOPERATIVE SS CD 7518 18MAR22,30.00,,504.08
18/03/2022,DEB,'30-96-26,75218660,TASTY RESTAURANT CD 7518,18.80,,534.08
18/03/2022,DEB,'30-96-26,75218660,TOP TASTE AUTHENTI CD 7518,9.50,,552.88
18/03/2022,DEB,'30-96-26,75218660,WWW.SCREWFIX.COM CD 7419,148.96,,562.38
18/03/2022,DEB,'30-96-26,75218660,eBay O*18-08387-51 CD 7419,,160.93,711.34
17/03/2022,DEB,'30-96-26,75218660,TOP TASTE AUTHENTI CD 7518,9.00,,550.41
17/03/2022,DEB,'30-96-26,75218660,eBay O*18-08387-51 CD 7419,160.93,,559.41
16/03/2022,DEB,'30-96-26,75218660,AMERICAN EXPRESS CD 7518,500.00,,720.34
16/03/2022,DEB,'30-96-26,75218660,ICONICLIGHTS*LIGHT CD 7419,77.95,,1220.34
15/03/2022,FPO,'30-96-26,75218660,K J TALAREK 200000000900310744 MARIA 5500 207291     10 15MAR22 21:01,500.00,,1298.29
15/03/2022,CPT,'30-96-26,75218660,LNK ASDA LEYTON 2 CD 7518 15MAR22,30.00,,1798.29
15/03/2022,DEB,'30-96-26,75218660,MR WINDOW LTD CD 7518,90.00,,1828.29
15/03/2022,DEB,'30-96-26,75218660,WF* UK3627881314 CD 7419,,159.98,1918.29
15/03/2022,DEB,'30-96-26,75218660,WF* UK3627881314 CD 7419,,104.99,1758.31
15/03/2022,DD,'30-96-26,75218660,E.ON NEXT A-3F85B23C-001,20.55,,1653.32
14/03/2022,DEB,'30-96-26,75218660,REYNOLDS NEWS CD 7518,51.18,,1673.87
14/03/2022,FPO,'30-96-26,75218660,P A JAMIESON 100000000899727556 PAUL - MARIA ST 070246     10 13MAR22 10:28,535.00,,1725.05
14/03/2022,FPO,'30-96-26,75218660,OLAITAN SEWEJE 300000000906370549 HO BA 206790     10 13MAR22 10:23,300.00,,2260.05
14/03/2022,DEB,'30-96-26,75218660,eBay O*14-08369-72 CD 7419    13MAR22,110.00,,2560.05
14/03/2022,DEB,'30-96-26,75218660,DVLA DUP REG DOC CD 7518    13MAR22,25.00,,2670.05
14/03/2022,DEB,'30-96-26,75218660,DVLA EVL AGENT CD 7518    12MAR22,93.50,,2695.05
14/03/2022,DEB,'30-96-26,75218660,WF* UK3627881314 CD 7419    12MAR22,1468.48,,2788.55
14/03/2022,DEB,'30-96-26,75218660,eBay O*14-08369-72 CD 7419    12MAR22,14.63,,4257.03
11/03/2022,FPO,'30-96-26,75218660,M SHAHZAD 500000000902514241 MARIA 202963     10 11MAR22 19:04,810.00,,4271.66
10/03/2022,DD,'30-96-26,75218660,BRITISH GAS BGX000319674-87591,35.00,,5081.66
09/03/2022,DEB,'30-96-26,75218660,NOW A7079 Ents CD 7518,9.99,,5116.66
07/03/2022,DEB,'30-96-26,75218660,AMERICAN EXPRESS CD 7518    06MAR22,2881.09,,5126.65
07/03/2022,FPI,'30-96-26,75218660,I OLARINDE DIRECTORS LOAN 400000000904069198 111084     10 05MAR22 07:00,,8000.00,8007.74
02/03/2022,TFR,'30-96-26,75218660,ARETE LETTINGS LTD 301424 30891768,,680.00,7.74
01/03/2022,DEB,'30-96-26,75218660,ANGLIAN WATER SERV CD 7419,5.17,,-672.26
01/03/2022,DD,'30-96-26,75218660,SCREWFIX DIRECT LT 6331640023216948,688.99,,-667.09
25/02/2022,FPO,'30-96-26,75218660,RAFAL KLOWDOWSKI 400000000899416503 KJ - 6 205425     10 25FEB22 16:06,500.00,,21.90
25/02/2022,FPI,'30-96-26,75218660,SEWEJE O D KJ WEK RP4679960174674300 206790     10 25FEB22 14:50,,500.00,521.90
21/02/2022,FPO,'30-96-26,75218660,RAFAL KLOWDOWSKI 300000000894969787 KJ - 65 205425     10 19FEB22 10:30,1500.00,,21.90
21/02/2022,FPI,'30-96-26,75218660,SEWEJE O D KJ RP4679969389165300 206790     10 19FEB22 10:00,,300.00,1521.90
18/02/2022,FPI,'30-96-26,75218660,I OLARINDE DIRECTORS LOAN 100000000888229496 111084     10 18FEB22 21:28,,240.00,1221.90
18/02/2022,FPI,'30-96-26,75218660,IFEOLUWAPO OLARIND DIRECTOR LOAN 00151522632BBSYNPX 090128     10 18FEB22 21:26,,700.00,981.90
18/02/2022,TFR,'30-96-26,75218660,ARETE LETTINGS LTD 301424 30891768,,300.00,281.90
15/02/2022,DD,'30-96-26,75218660,E.ON NEXT A-3F85B23C-001,20.55,,-18.10
14/02/2022,TFR,'30-96-26,75218660,ARETE LETTINGS LTD 301424 30891768 12FEB22,,10.00,2.45
10/02/2022,DD,'30-96-26,75218660,BRITISH GAS BGX000319674-87591,35.00,,-7.55
09/02/2022,DEB,'30-96-26,75218660,NOW A496A Ents CD 7518,9.99,,27.45
09/02/2022,FPO,'30-96-26,75218660,K J TALAREK 200000000883146417 MARIA STREET 207291     10 09FEB22 13:33,1000.00,,37.44
09/02/2022,TFR,'30-96-26,75218660,ARETE LETTINGS LTD 301424 30891768,,207.00,1037.44
08/02/2022,DEB,'30-96-26,75218660,PROPCERT CD 7518,174.00,,830.44
02/02/2022,TFR,'30-96-26,75218660,ARETE LETTINGS LTD 301424 30891768,206.00,,1004.44
27/01/2022,TFR,'30-96-26,75218660,ARETE LETTINGS LTD 301424 30891768,10.00,,1210.44
26/01/2022,FPO,'30-96-26,75218660,K J TALAREK 600000000879205616 MARIA STREET 207291     10 26JAN22 09:52,1930.00,,1220.44
26/01/2022,FPI,'30-96-26,75218660,SEWEJE O D KJ RP4679966237946600 206790     10 26JAN22 09:10,,3000.00,3150.44
17/01/2022,DD,'30-96-26,75218660,E.ON NEXT A-3F85B23C-001,20.55,,150.44
10/01/2022,DD,'30-96-26,75218660,BRITISH GAS BGX000319674-87591,35.00,,170.99
10/01/2022,DEB,'30-96-26,75218660,NOW CD 7518    09JAN22,9.99,,205.99
31/12/2021,CPT,'30-96-26,75218660,LNK N/RAIL WATERLO CD 7518 31DEC21,500.00,,215.98
15/12/2021,BGC,'30-96-26,75218660,LAMBERT PUGH CLT 22 MARIA STREET,,643.00,715.98
13/12/2021,FPO,'30-96-26,75218660,K J TALAREK 500000000858393737 MARIA STREET 207291     10 11DEC21 10:59,1500.00,,72.98
13/12/2021,FPI,'30-96-26,75218660,SEWEJE O D KJ RP4679960790140400 206790     10 11DEC21 10:33,,600.00,1572.98
13/12/2021,FPI,'30-96-26,75218660,I OLARINDE REFURB 300000000861719253 111084     10 11DEC21 10:11,,900.00,972.98
09/12/2021,DEB,'30-96-26,75218660,NOW CD 7518,9.99,,72.98
06/12/2021,FPO,'30-96-26,75218660,K J TALAREK 300000000858549715 MARIA STREET 207291     10 04DEC21 18:09,950.00,,82.97
09/11/2021,DEB,'30-96-26,75218660,NOW CD 7518,9.99,,1032.97
11/10/2021,DEB,'30-96-26,75218660,NOW CD 7518    09OCT21,9.99,,1042.96
08/10/2021,DD,'30-96-26,75218660,LNPG JH2VZP5,238.80,,1052.95
20/09/2021,FPO,'30-96-26,75218660,PAUL A IRELAND 300000000819568655 22 MARIA STREET 089249     10 18SEP21 19:50,1000.00,,1291.75
16/09/2021,DEB,'30-96-26,75218660,INSURANCE DESK SER CD 7419,259.69,,2291.75
14/09/2021,FPO,'30-96-26,75218660,LAMBERT PUGH 100000000812747070 1/A22/1/JL/JL 209921     10 14SEP21 21:52,44357.56,,2551.44
14/09/2021,TFR,'30-96-26,75218660,RP16427219,,10.00,46909.00
14/09/2021,TFR,'30-96-26,75218660,RP16427219,,30.00,46899.00
10/09/2021,FPI,'30-96-26,75218660,I OLARINDE DIRECTORS LOAN 300000000815859832 111084     10 10SEP21 13:53,,3000.00,46869.00
31/08/2021,FPI,'30-96-26,75218660,IFEOLUWAPO OLARIND DIRECTOR LOAN 00151522632BBRSBYK 090128     10 30AUG21 14:45,,1500.00,43869.00
25/08/2021,FPI,'30-96-26,75218660,IFEOLUWAPO OLARIND DIRECTOR LOAN 00156527632BQCHFBM 090128     10 25AUG21 15:23,,20000.00,42369.00
25/08/2021,DEP,'30-96-26,75218660,CORRINGHAM,,2190.00,22369.00
25/08/2021,CSH,'30-96-26,75218660,LOYD 22 GROVER WAL,,1210.00,20179.00
23/08/2021,FPI,'30-96-26,75218660,SEWEJE O D HARWICH PAYMENT RP4679966828398200 206790     10 23AUG21 22:04,,5000.00,18969.00
20/08/2021,FPI,'30-96-26,75218660,STEPBYSTEP THERAPY MARIA STREET 00152889632BMBWCGH 090129     10 20AUG21 10:00,,10000.00,13969.00
18/08/2021,FPI,'30-96-26,75218660,HUMPHREY & CO ESTA 50 VALENTINES ROAD 41204524000863000N 602223     10 18AUG21 20:45,,969.00,3969.00
13/08/2021,FPI,'30-96-26,75218660,SEWEJE O D ALEX PA 2 RP4679965672004400 206790     10 13AUG21 12:02,,2000.00,3000.00
13/08/2021,FPI,'30-96-26,75218660,SEWEJE O D ALEX PAYMENT RP4679965670492200 206790     10 13AUG21 11:52,,1000.00,1000.00
