"First Name","Last Name",Email,Child,"Address Line 1","Address Line 2",City,State,ZIP,Country,Phone,Tags
Isaiah,Seweje,,N,,,,,,,,
Adekunle,Olarinde,adeksolarinde@hotmail.com,N,,,,,,,,
Moinca,Olarinde,mazazi@gmail.com,N,,,,,,,,
Eniola,Olarinde,eolarinde@hotmail.co.uk,N,,,,,,,,
Danielle,Kyei,daniellefrimpong@hotmail.co.uk,N,,,,,,,,
Edward,Kyei,edwardkyei@hotmail.co.uk,N,,,,,,,,
Yinka,Oginni,yinkaoginni@gmail.com,N,,,,,,,,
Petra,Owokoya,powokoya@hotmail.co.uk,N,,,,,,,,
Ruth,Olayinka,rutholayinka@hotmail.co.uk,N,,,,,,,,
Ola,Alli-Balogun,olamideallibalogun@hotmail.co.uk,N,,,,,,,,
Leanne,Brown,,N,,,,,,,,
Damilola,Olorunshola,,N,,,,,,,,
Dami,Delima,damiolaniyan@outlook.com,N,,,,,,,,
Jamaine,Delima,,N,,,,,,,,
Jamaine,Delima,delimajamaine@gmail.com,N,,,,,,,,
Rharutome,Edumejeke,tomeedum@yahoo.co.uk,N,,,,,,,,
Adewale,Oyewole,,N,,,,,,,,
Vanessa,Izomor,vanessa_220@yahoo.com,N,,,,,,,,
Bonnie,Omikorede,,N,,,,,,,,
Seun,Francis,agc.sammy@gmail.com,N,,,,,,,,
Shanice,Sealy,,N,,,,,,,,
Foley,Soloye,foley.solo@hotmail.com,N,,,,,,,,
Fred,Kingsley,f.t.kingsley@gmail.com,N,,,,,,,,
Feyi,Bello,feyibello@outlook.com,N,,,,,,,,
TK,Crooks,koroyecrookst@gmail.com,N,,,,,,,,
Florence,Opasina,Opasinaf@gmail.com,N,,,,,,,,
Chiyaba,Njovu,chiyaba.njovu@hotmail.co.uk,N,,,,,,,,
Martha,Njovu,,N,,,,,,,,
Makeda,Ramichaitar,Makedanr@gmail.com,N,,,,,,,,
Daniella,Enzeye,jeannenzeye@gmail.com,N,,,,,,,,
Jeanne,Nzeye,,N,,,,,,,,
Alex,Eneli,chichi.eneli@hotmail.co.uk,N,,,,,,,,
Samantha,Eneli,,N,,,,,,,,
Eric,"Collins - Opon",ericcollins16@live.co.uk,N,,,,,,,,
Oyinko,,Oibraithwaite@gmail.com,N,,,,,,,,
Obafunke,Braithwaite,simisolab@hotmail.co.uk,N,,,,,,,,
Obafunke,Braithwaite,,N,,,,,,,,
Jao,Sebastiao,j-d_sebastiao@hotmail.co.uk,N,,,,,,,,
"Joao Dasilva",Sebastiao,,N,,,,,,,,
Jade,Age,jadeage@icloud.com,N,,,,,,,,
Annemarie,Ola,annemarie.o@hotmail.co.uk,N,,,,,,,,
Esther,Olaniyan,Esther_olaniyan@live.co.uk,N,,,,,,,,
Kemi,O,otobun@hotmail.com,N,,,,,,,,
Temi,Adeleye,Hannahadeleye93@gmail.com,N,,,,,,,,
Maddie,Taylor,,N,,,,,,,,
Rhiannon,Taylor,rhiannonstaylor@hotmail.co.uk,N,,,,,,,,
Abigail,Opoku,aopoku78@hotmail.co.uk,N,,,,,,,,
Kemi,Aladeokin,kemsalad@gmail.com,N,,,,,,,,
Toju,Bello,,N,,,,,,,,
Toju,Bello,tojubello@gmail.com,N,,,,,,,,
Tumi,Ogunnaike,Adetumiadeboye@hotmail.com,N,,,,,,,,
Viola,Ntim,voilagerald@yahoo.co.uk,N,,,,,,,,
Sewa,Bola-Keji,Sewabolakeji@gmail.com,N,,,,,,,,
Christabel,Frimpong,christabelfrimpongx@gmail.com,N,,,,,,,,
Paul,Frimpong,paulfrimpong@hotmail.co.uk,N,,,,,,,,
Dorothy,Tamuno,dorothytamuno@hotmail.com,N,,,,,,,,
Dara,Oginni,,N,,,,,,,,
Lesley,Love,,N,,,,,,,,
Amy,Lewis,alewis@loveaba.org.uk,N,,,,,,,,
Tom,Colishaw,tdcowlishaw@gmail.com,N,,,,,,,,
Fiona,Cowlishaw,,N,,,,,,,,
Biso,,,N,,,,,,,,
Fissy,,,N,,,,,,,,
"Princess Bola",,,N,,,,,,,,
"Daddy Mariam",,,N,,,,,,,,
Funto,,Coolfunto@yahoo.com,N,,,,,,,,
"Iya Alasho",,,N,,,,,,,,
Biggie,,,N,,,,,,,,
Ola,Bakare,bakareola48@yahoo.com,N,,,,,,,,
Ade,Pounds,,N,,,,,,,,
Fiona,,,N,,,,,,,,
"Iya odunÊ",,,N,,,,,,,,
"Iya alaje",,,N,,,,,,,,
"Alhaji Mujeeb",,,N,,,,,,,,
Warebi,Izomor,,N,,,,,,,,
Ronke,Abiodun,,N,,,,,,,,
Moraks,Abiodun,,N,,,,,,,,
Wale,Croft,,N,,,,,,,,
Kike,,,N,,,,,,,,
"Bisi (Aunty Kike)",,,N,,,,,,,,
Segun,Olarinde,,N,,,,,,,,
Iyabo,Olarinde,,N,,,,,,,,
Toks,Bello,,N,,,,,,,,
Yetty,Bello,,N,,,,,,,,
Tokumbo,Braithwaite,,N,,,,,,,,
Funkazi,,,N,,,,,,,,
Ebizi,,,N,,,,,,,,
Sade,Kanike,,N,,,,,,,,
Tunji,Kanike,,N,,,,,,,,
Blessing,Oginni,,N,,,,,,,,
Dupe,Awosika,dupeawosika@gmail.com,N,,,,,,,,
Ola,S,ola.olaitan@outlook.com,N,,,,,,,,
Bernice,,nyceberry@yahoo.com,N,,,,,,,,
Patrick,Umeh,,N,,,,,,,,
Ade,,demoo2k5@gmail.com,N,,,,,,,,
Agboola,,agboolaoladeruseyi@gmail.com,N,,,,,,,,
Chris,,opeyemi.yusufh@gmail.com,N,,,,,,,,
Samira,Chambas-Yusuf,,N,,,,,,,,
Dare,,gabdre614@yahoo.co.uk,N,,,,,,,,
Alexandra,Hilohi,,N,,,,,,,,
Dare,Olufunmilayo,Dre002ng@gmail.com,N,,,,,,,,
Dave,,daviesajakaiye@hotmail.com,N,,,,,,,,
Leslie,Guikahuie,,N,,,,,,,,
Demola,,demola4real06@yahoo.com,N,,,,,,,,
Dimeji,,Oladimejiaro@gmail.com,N,,,,,,,,
Ebeneza,,projectkadupe@mail.com,N,,,,,,,,
Sarah,Boakye,,N,,,,,,,,
Ebs,,ebenezerjoyewole@gmail.com,N,,,,,,,,
Fiona,,Fiona_goretti2000@yahoo.co.uk,N,,,,,,,,
Dionne,Palmer,,N,,,,,,,,
Jide,,jaydeefm@gmail.com,N,,,,,,,,
Josh,,Abair180@gmail.com,N,,,,,,,,
Joshua,JuiceMaine,joshchuks06@gmail.com,N,,,,,,,,
Lekan,,lekanthefuture@gmail.com,N,,,,,,,,
Olalekan,Mohammed,,N,,,,,,,,
Manvick,,ighodalo04ma@gmail.com,N,,,,,,,,
Monaco,,aymonaco@yahoo.com,N,,,,,,,,
Adedeji,Sosanya,,N,,,,,,,,
Nathan,,Tnjohnson87@hotmail.com,N,,,,,,,,
Oku,,okuabara@gmail.com,N,,,,,,,,
Ope,,opsy.ayinla@gmail.com,N,,,,,,,,
Randy,,randykellman@live.com,N,,,,,,,,
Jackie,Kellman,,N,,,,,,,,
Rotimi,,rotte4glo@gmail.com,N,,,,,,,,
Taboka,Ndebele,,N,,,,,,,,
Samuel,,sammy@yahoo.com,N,,,,,,,,
Sheyi,,seyila001@yahoo.com,N,,,,,,,,
Deborah,Dada,,N,,,,,,,,
Shola,,platinium80z@yahoo.com,N,,,,,,,,
Yomi,,oyeyomi@yahoo.com,N,,,,,,,,
Adebisi,Adetunji,,N,,,,,,,,
Moss,,mojeedsanusi@icloud.com,N,,,,,,,,
Edward,Koker,,N,,,,,,,,
Nicholas,,nicktaylor18@hotmail.co.uk,N,,,,,,,,
Zanna,Meade,,N,,,,,,,,
Ayo,Salami,Ayosalami24@gmail.com,N,,,,,,,,
Stephanie,,stephanieokpala12@hotmail.co.uk,N,,,,,,,,
Omolade,Akinyemi,,N,,,,,,,,
Dami,Bless,oosifola@yahoo.com,N,,,,,,,,
Ashiwaju,Dauda,,N,,,,,,,,
Tade,,olutade_o@yahoo.com,N,,,,,,,,
Lekan,Balogun,balogun_lekan@yahoo.com,N,,,,,,,,
Dayo,,Iceedmoise@gmail.com,N,,,,,,,,
Ope,Ogunsanwo,opeyemiogunsanwo@yahoo.com,N,,,,,,,,
Antonia,Grey,antoniajamesgrey@gmail.com,N,,,,,,,,
Dami,Abass,oabass89@yahoo.com,N,,,,,,,,
